id,cost_ap,turn_limit,hp_additional,atk_additional,def_additional,cri_additional,hit_additional,spd_additional,background,bgm,item1,item1_ratio,item1_min,item1_max,item2,item2_ratio,item2_min,item2_max,item3,item3_ratio,item3_min,item3_max,item4,item4_ratio,item4_min,item4_max,item5,item5_ratio,item5_min,item5_max,item6,item6_ratio,item6_min,item6_max,item7,item7_ratio,item7_min,item7_max,item8,item8_ratio,item8_min,item8_max,item9,item9_ratio,item9_min,item9_max,item10,item10_ratio,item10_min,item10_max,min_drop,max_drop,fungible_asset_reward_ticker_1,fungible_asset_reward_ratio_1,fungible_asset_reward_min_1,fungible_asset_reward_max_1,fungible_asset_reward_ticker_2,fungible_asset_reward_ratio_2,fungible_asset_reward_min_2,fungible_asset_reward_max_2,fungible_asset_reward_ticker_3,fungible_asset_reward_ratio_3,fungible_asset_reward_min_3,fungible_asset_reward_max_3,fungible_asset_reward_ticker_4,fungible_asset_reward_ratio_4,fungible_asset_reward_min_4,fungible_asset_reward_max_4,fungible_asset_reward_ticker_5,fungible_asset_reward_ratio_5,fungible_asset_reward_min_5,fungible_asset_reward_max_5,fav_drop_min,fav_drop_max,entry_cost_item_id,entry_cost_item_count
1,5,150,0,0,0,0,0,0,chapter_01_01,bgm_yggdrasil_01,303000,1,1,1,,,,,,,,,,,,,,,,,,,,,,,,,,,,,,,,,,,,,1,1,,,,,,,,,,,,,,,,,,,,,,,,
2,5,150,0,0,0,0,0,0,chapter_01_02,bgm_yggdrasil_02,303000,1,1,1,,,,,,,,,,,,,,,,,,,,,,,,,,,,,,,,,,,,,1,1,,,,,,,,,,,,,,,,,,,,,,,,
3,5,150,0,0,0,0,0,0,chapter_01_03,bgm_yggdrasil_03,303000,1,1,1,,,,,,,,,,,,,,,,,,,,,,,,,,,,,,,,,,,,,1,1,,,,,,,,,,,,,,,,,,,,,,,,
4,5,150,0,0,0,0,0,0,chapter_01_01,bgm_yggdrasil_01,303000,1,1,1,,,,,,,,,,,,,,,,,,,,,,,,,,,,,,,,,,,,,1,1,,,,,,,,,,,,,,,,,,,,,,,,
5,5,150,0,0,0,0,0,0,chapter_01_01,bgm_yggdrasil_01,303100,1,1,1,,,,,,,,,,,,,,,,,,,,,,,,,,,,,,,,,,,,,1,1,,,,,,,,,,,,,,,,,,,,,,,,
6,5,150,0,0,0,0,0,0,chapter_01_02,bgm_yggdrasil_02,303100,1,1,1,,,,,,,,,,,,,,,,,,,,,,,,,,,,,,,,,,,,,1,1,,,,,,,,,,,,,,,,,,,,,,,,
7,5,150,0,0,0,0,0,0,chapter_01_01,bgm_yggdrasil_01,303000,0.5,1,1,303100,0.5,1,1,,,,,,,,,,,,,,,,,,,,,,,,,,,,,,,,,1,1,,,,,,,,,,,,,,,,,,,,,,,,
8,5,150,0,0,0,0,0,0,chapter_01_02,bgm_yggdrasil_02,303000,0.5,1,1,303100,0.5,1,1,,,,,,,,,,,,,,,,,,,,,,,,,,,,,,,,,1,1,,,,,,,,,,,,,,,,,,,,,,,,
9,5,150,0,0,0,0,0,0,chapter_01_01,bgm_yggdrasil_01,303200,1,1,1,,,,,,,,,,,,,,,,,,,,,,,,,,,,,,,,,,,,,1,1,,,,,,,,,,,,,,,,,,,,,,,,
10,5,150,0,0,0,0,0,0,chapter_01_03,bgm_yggdrasil_03,302000,1,1,1,302003,1,1,1,302005,1,1,1,303000,0.1,1,1,303100,0.1,1,1,303200,0.1,1,1,306023,0.7,1,3,,,,,,,,,,,,,4,4,,,,,,,,,,,,,,,,,,,,,,,,
11,5,150,0,0,0,0,0,0,chapter_01_01,bgm_yggdrasil_01,303000,0.1,1,2,303100,0.1,1,2,303200,0.1,1,2,306024,0.7,1,3,,,,,,,,,,,,,,,,,,,,,,,,,1,2,,,,,,,,,,,,,,,,,,,,,,,,
12,5,150,0,0,0,0,0,0,chapter_01_01,bgm_yggdrasil_01,303000,0.1,1,2,303100,0.1,1,2,303200,0.1,1,2,306025,0.7,1,3,,,,,,,,,,,,,,,,,,,,,,,,,1,2,,,,,,,,,,,,,,,,,,,,,,,,
13,5,150,0,0,0,0,0,0,chapter_01_02,bgm_yggdrasil_02,303000,0.1,1,2,303100,0.1,1,2,303200,0.1,1,2,306023,0.7,1,3,,,,,,,,,,,,,,,,,,,,,,,,,1,2,,,,,,,,,,,,,,,,,,,,,,,,
14,5,150,0,0,0,0,0,0,chapter_01_01,bgm_yggdrasil_01,303000,0.1,1,2,303100,0.1,1,2,303200,0.1,1,2,306024,0.7,1,3,,,,,,,,,,,,,,,,,,,,,,,,,1,2,,,,,,,,,,,,,,,,,,,,,,,,
15,5,150,0,0,0,0,0,0,chapter_01_01,bgm_yggdrasil_01,303300,1,1,1,,,,,,,,,,,,,,,,,,,,,,,,,,,,,,,,,,,,,1,1,,,,,,,,,,,,,,,,,,,,,,,,
16,5,150,0,0,0,0,2,2,chapter_01_02,bgm_yggdrasil_02,303100,0.1,1,2,303200,0.1,1,2,303300,0.1,1,2,306025,0.7,1,3,,,,,,,,,,,,,,,,,,,,,,,,,2,4,,,,,,,,,,,,,,,,,,,,,,,,
17,5,150,0,0,0,0,0,0,chapter_01_01,bgm_yggdrasil_01,303400,1,1,1,,,,,,,,,,,,,,,,,,,,,,,,,,,,,,,,,,,,,1,1,,,,,,,,,,,,,,,,,,,,,,,,
18,5,150,0,7,0,0,7,7,chapter_01_02,bgm_yggdrasil_02,303000,0.1,1,2,303100,0.1,1,2,303300,0.1,1,2,306001,0.7,1,3,,,,,,,,,,,,,,,,,,,,,,,,,2,4,,,,,,,,,,,,,,,,,,,,,,,,
19,5,150,0,0,0,0,0,0,chapter_01_01,bgm_yggdrasil_01,303000,0.1,1,2,303200,0.1,1,2,303300,0.1,1,2,306002,0.7,1,3,,,,,,,,,,,,,,,,,,,,,,,,,2,4,,,,,,,,,,,,,,,,,,,,,,,,
20,5,150,0,0,0,0,0,0,chapter_01_03,bgm_yggdrasil_03,302001,1,1,1,302002,1,1,1,303100,0.1,1,2,303200,0.1,1,2,303300,0.1,1,2,306000,0.7,1,3,,,,,,,,,,,,,,,,,4,6,,,,,,,,,,,,,,,,,,,,,,,,
21,5,150,0,0,0,0,0,0,chapter_01_01,bgm_yggdrasil_01,303000,0.1,1,2,303300,0.1,1,2,303400,0.1,1,2,306000,0.7,1,3,,,,,,,,,,,,,,,,,,,,,,,,,2,4,,,,,,,,,,,,,,,,,,,,,,,,
22,5,150,0,0,0,0,0,0,chapter_01_01,bgm_yggdrasil_01,303000,0.1,1,2,303100,0.1,1,2,303400,0.1,1,2,306001,0.7,1,3,,,,,,,,,,,,,,,,,,,,,,,,,2,4,,,,,,,,,,,,,,,,,,,,,,,,
23,5,150,0,0,0,0,0,0,chapter_01_02,bgm_yggdrasil_02,303100,0.1,1,2,303200,0.1,1,2,303300,0.1,1,2,306002,0.7,1,3,,,,,,,,,,,,,,,,,,,,,,,,,2,4,,,,,,,,,,,,,,,,,,,,,,,,
24,5,150,0,0,0,0,0,0,chapter_01_01,bgm_yggdrasil_01,303200,0.1,1,2,303300,0.1,1,2,303400,0.1,1,2,306001,0.7,1,3,,,,,,,,,,,,,,,,,,,,,,,,,2,4,,,,,,,,,,,,,,,,,,,,,,,,
25,5,150,0,0,0,0,0,0,chapter_01_01,bgm_yggdrasil_01,303000,0.1,1,2,303100,0.1,1,2,303300,0.1,1,2,306000,0.7,1,3,,,,,,,,,,,,,,,,,,,,,,,,,2,4,,,,,,,,,,,,,,,,,,,,,,,,
26,5,150,0,0,0,0,0,0,chapter_01_02,bgm_yggdrasil_02,303200,0.1,1,2,303300,0.1,1,2,303400,0.1,1,2,306001,0.7,1,3,,,,,,,,,,,,,,,,,,,,,,,,,2,4,,,,,,,,,,,,,,,,,,,,,,,,
27,5,150,0,0,0,0,0,0,chapter_01_01,bgm_yggdrasil_01,303001,1,1,1,,,,,,,,,,,,,,,,,,,,,,,,,,,,,,,,,,,,,1,1,,,,,,,,,,,,,,,,,,,,,,,,
28,5,150,17,17,17,0,17,17,chapter_01_02,bgm_yggdrasil_02,303001,0.1,1,2,303200,0.1,1,2,303400,0.1,1,2,306000,0.7,1,3,,,,,,,,,,,,,,,,,,,,,,,,,2,4,,,,,,,,,,,,,,,,,,,,,,,,
29,5,150,1,1,1,0,1,1,chapter_01_01,bgm_yggdrasil_01,303001,0.1,1,2,303100,0.1,1,2,303200,0.1,1,2,306023,0.7,1,3,,,,,,,,,,,,,,,,,,,,,,,,,2,4,,,,,,,,,,,,,,,,,,,,,,,,
30,5,150,0,0,0,0,0,0,chapter_01_03,bgm_yggdrasil_03,302000,1,1,1,302003,1,1,1,302005,1,1,1,303100,0.1,1,2,303300,0.1,1,2,303400,0.1,1,2,306002,0.7,1,3,,,,,,,,,,,,,5,7,,,,,,,,,,,,,,,,,,,,,,,,
31,5,150,0,0,0,0,0,0,chapter_01_01,bgm_yggdrasil_01,303100,0.1,1,2,303200,0.1,1,2,303300,0.1,1,2,306024,0.7,1,3,,,,,,,,,,,,,,,,,,,,,,,,,2,4,,,,,,,,,,,,,,,,,,,,,,,,
32,5,150,0,0,0,0,0,0,chapter_01_01,bgm_yggdrasil_01,303100,0.1,1,2,303300,0.1,1,2,303400,0.1,1,2,306002,0.7,1,3,,,,,,,,,,,,,,,,,,,,,,,,,2,4,,,,,,,,,,,,,,,,,,,,,,,,
33,5,150,0,0,0,0,0,0,chapter_01_02,bgm_yggdrasil_02,303100,0.1,1,2,303200,0.1,1,2,303400,0.1,1,2,306001,0.7,1,3,,,,,,,,,,,,,,,,,,,,,,,,,2,4,,,,,,,,,,,,,,,,,,,,,,,,
34,5,150,0,0,0,0,0,0,chapter_01_01,bgm_yggdrasil_01,303001,0.1,1,2,303100,0.1,1,2,303400,0.1,1,2,306025,0.7,1,3,,,,,,,,,,,,,,,,,,,,,,,,,2,4,,,,,,,,,,,,,,,,,,,,,,,,
35,5,150,0,0,0,0,0,0,chapter_01_01,bgm_yggdrasil_01,303101,1,1,1,,,,,,,,,,,,,,,,,,,,,,,,,,,,,,,,,,,,,1,1,,,,,,,,,,,,,,,,,,,,,,,,
36,5,150,0,0,0,0,0,0,chapter_01_02,bgm_yggdrasil_02,303101,0.1,1,2,303200,0.1,1,2,303300,0.1,1,2,306023,0.7,1,3,,,,,,,,,,,,,,,,,,,,,,,,,2,4,,,,,,,,,,,,,,,,,,,,,,,,
37,5,150,0,0,0,0,0,0,chapter_01_01,bgm_yggdrasil_01,303001,0.1,1,2,303101,0.1,1,2,303300,0.1,1,2,306002,0.7,1,3,,,,,,,,,,,,,,,,,,,,,,,,,2,4,,,,,,,,,,,,,,,,,,,,,,,,
38,5,150,0,0,0,0,0,0,chapter_01_02,bgm_yggdrasil_02,303001,0.1,1,2,303200,0.1,1,2,303400,0.1,1,2,306024,0.7,1,3,,,,,,,,,,,,,,,,,,,,,,,,,2,4,,,,,,,,,,,,,,,,,,,,,,,,
39,5,150,0,0,0,0,0,0,chapter_01_01,bgm_yggdrasil_01,303101,0.1,1,2,303200,0.1,1,2,303300,0.1,1,2,306000,0.7,2,3,,,,,,,,,,,,,,,,,,,,,,,,,2,4,,,,,,,,,,,,,,,,,,,,,,,,
40,5,150,0,0,0,0,0,0,chapter_01_03,bgm_yggdrasil_03,302001,1,1,1,302002,1,1,1,303200,0.1,1,2,303300,0.1,1,2,303400,0.1,1,2,306024,0.7,2,3,,,,,,,,,,,,,,,,,4,6,,,,,,,,,,,,,,,,,,,,,,,,
41,5,150,0,0,0,0,0,0,chapter_01_01,bgm_yggdrasil_01,303201,1,1,1,,,,,,,,,,,,,,,,,,,,,,,,,,,,,,,,,,,,,1,1,,,,,,,,,,,,,,,,,,,,,,,,
42,5,150,0,0,0,0,0,0,chapter_01_01,bgm_yggdrasil_01,303001,0.1,1,2,303201,0.1,1,2,303300,0.1,1,2,306023,0.7,2,3,,,,,,,,,,,,,,,,,,,,,,,,,3,4,,,,,,,,,,,,,,,,,,,,,,,,
43,5,150,0,0,0,0,0,0,chapter_01_02,bgm_yggdrasil_02,303201,0.1,1,2,303300,0.1,1,2,303400,0.1,1,2,306025,0.7,2,3,,,,,,,,,,,,,,,,,,,,,,,,,3,4,,,,,,,,,,,,,,,,,,,,,,,,
44,5,150,0,0,0,0,0,0,chapter_01_01,bgm_yggdrasil_01,303001,0.1,1,2,303300,0.1,1,2,303400,0.1,1,2,306002,0.7,2,3,,,,,,,,,,,,,,,,,,,,,,,,,3,4,,,,,,,,,,,,,,,,,,,,,,,,
45,5,150,0,0,0,0,0,0,chapter_01_01,bgm_yggdrasil_01,303101,0.1,1,2,303300,0.1,1,2,303400,0.1,1,2,306001,0.7,2,3,,,,,,,,,,,,,,,,,,,,,,,,,3,4,,,,,,,,,,,,,,,,,,,,,,,,
46,5,150,0,0,0,0,0,0,chapter_01_02,bgm_yggdrasil_02,303101,0.1,1,2,303300,0.1,1,2,303400,0.1,1,2,306023,0.7,2,3,,,,,,,,,,,,,,,,,,,,,,,,,3,4,,,,,,,,,,,,,,,,,,,,,,,,
47,5,150,5,0,0,0,5,5,chapter_01_01,bgm_yggdrasil_01,303301,1,1,1,,,,,,,,,,,,,,,,,,,,,,,,,,,,,,,,,,,,,1,1,,,,,,,,,,,,,,,,,,,,,,,,
48,5,150,0,0,0,0,0,0,chapter_01_02,bgm_yggdrasil_02,303001,0.1,1,2,303201,0.1,1,2,303301,0.1,1,2,306000,0.7,2,3,,,,,,,,,,,,,,,,,,,,,,,,,3,4,,,,,,,,,,,,,,,,,,,,,,,,
49,5,150,0,0,0,0,0,0,chapter_01_01,bgm_yggdrasil_01,303001,0.1,1,2,303301,0.1,1,2,303400,0.1,1,2,306024,0.7,2,3,,,,,,,,,,,,,,,,,,,,,,,,,3,4,,,,,,,,,,,,,,,,,,,,,,,,
50,5,150,0,0,0,0,0,0,chapter_01_03,bgm_yggdrasil_03,302000,1,1,1,302003,1,1,1,302005,1,1,1,303101,0.1,1,2,303201,0.1,1,2,303301,0.1,1,2,306025,0.7,2,3,,,,,,,,,,,,,6,7,,,,,,,,,,,,,,,,,,,,,,,,
51,5,150,0,0,0,0,0,0,chapter_02_01,bgm_alfheim_01,303000,0.1,1,2,303301,0.1,1,2,303400,0.1,1,2,306009,0.7,2,3,,,,,,,,,,,,,,,,,,,,,,,,,3,4,,,,,,,,,,,,,,,,,,,,,,,,
52,5,150,0,0,0,0,0,0,chapter_02_01,bgm_alfheim_01,303000,0.1,1,2,303201,0.1,1,2,303400,0.1,1,2,306010,0.7,2,3,,,,,,,,,,,,,,,,,,,,,,,,,3,4,,,,,,,,,,,,,,,,,,,,,,,,
53,5,150,0,0,0,0,0,0,chapter_02_02,bgm_alfheim_02,303401,1,1,1,,,,,,,,,,,,,,,,,,,,,,,,,,,,,,,,,,,,,1,1,,,,,,,,,,,,,,,,,,,,,,,,
54,5,150,0,0,0,0,0,0,chapter_02_01,bgm_alfheim_01,303000,0.1,1,2,303101,0.1,1,2,303401,0.1,1,2,306011,0.7,2,3,,,,,,,,,,,,,,,,,,,,,,,,,3,4,,,,,,,,,,,,,,,,,,,,,,,,
55,5,150,0,0,0,0,0,0,chapter_02_01,bgm_alfheim_01,303001,0.1,1,2,303201,0.1,1,2,303401,0.1,1,2,306010,0.7,2,3,,,,,,,,,,,,,,,,,,,,,,,,,3,4,,,,,,,,,,,,,,,,,,,,,,,,
56,5,150,0,0,0,0,0,0,chapter_02_02,bgm_alfheim_02,303001,0.1,1,2,303101,0.1,1,2,303401,0.1,1,2,306009,0.7,2,3,,,,,,,,,,,,,,,,,,,,,,,,,3,4,,,,,,,,,,,,,,,,,,,,,,,,
57,5,150,0,0,0,0,0,0,chapter_02_01,bgm_alfheim_01,303001,0.1,1,2,303301,0.1,1,2,303401,0.1,1,2,306000,0.7,2,3,,,,,,,,,,,,,,,,,,,,,,,,,3,4,,,,,,,,,,,,,,,,,,,,,,,,
58,5,150,63,27,63,0,12,12,chapter_02_02,bgm_alfheim_02,303201,0.1,1,2,303301,0.1,1,2,303401,0.1,1,2,306025,0.7,2,3,,,,,,,,,,,,,,,,,,,,,,,,,3,4,,,,,,,,,,,,,,,,,,,,,,,,
59,5,150,12,12,12,0,12,12,chapter_02_01,bgm_alfheim_01,303100,0.1,1,2,303201,0.1,1,2,303301,0.1,1,2,306011,0.7,2,3,,,,,,,,,,,,,,,,,,,,,,,,,3,4,,,,,,,,,,,,,,,,,,,,,,,,
60,5,150,12,12,12,0,12,12,chapter_02_03,bgm_alfheim_03,302001,1,1,1,302002,1,1,1,302004,1,1,1,303100,0.1,1,2,303201,0.1,1,2,303401,0.1,1,2,306010,0.7,2,3,,,,,,,,,,,,,7,8,,,,,,,,,,,,,,,,,,,,,,,,
61,5,150,12,12,12,0,12,12,chapter_02_01,bgm_alfheim_01,303001,0.1,1,2,303100,0.1,1,2,303201,0.1,1,2,306026,0.5,2,3,306040,0.12,1,2,306041,0.08,1,1,,,,,,,,,,,,,,,,,3,4,,,,,,,,,,,,,,,,,,,,,,,,
62,5,150,12,12,12,0,12,12,chapter_02_01,bgm_alfheim_01,303101,0.1,1,2,303201,0.1,1,2,303301,0.1,1,2,306027,0.5,2,3,306040,0.12,1,2,306041,0.08,1,1,,,,,,,,,,,,,,,,,3,4,,,,,,,,,,,,,,,,,,,,,,,,
63,5,150,12,12,12,0,12,12,chapter_02_02,bgm_alfheim_02,303002,1,2,2,,,,,,,,,,,,,,,,,,,,,,,,,,,,,,,,,,,,,1,2,,,,,,,,,,,,,,,,,,,,,,,,
64,5,150,12,12,12,0,12,12,chapter_02_01,bgm_alfheim_01,303002,0.1,1,2,303201,0.1,1,2,303301,0.1,1,2,306028,0.5,2,3,306040,0.12,1,2,306041,0.08,1,1,,,,,,,,,,,,,,,,,3,4,,,,,,,,,,,,,,,,,,,,,,,,
65,5,150,12,12,12,0,12,12,chapter_02_01,bgm_alfheim_01,303002,0.1,1,2,303101,0.1,1,2,303401,0.1,1,2,306027,0.5,2,3,306040,0.12,1,2,306041,0.08,1,1,,,,,,,,,,,,,,,,,3,4,,,,,,,,,,,,,,,,,,,,,,,,
66,5,150,12,12,12,0,12,12,chapter_02_02,bgm_alfheim_02,303002,0.1,1,2,303301,0.1,1,2,303401,0.1,1,2,306028,0.5,2,3,306040,0.12,1,2,306041,0.08,1,1,,,,,,,,,,,,,,,,,3,4,,,,,,,,,,,,,,,,,,,,,,,,
67,5,150,12,12,12,0,12,12,chapter_02_01,bgm_alfheim_01,303002,0.1,1,2,303201,0.1,1,2,303401,0.1,1,2,306026,0.5,2,3,306040,0.12,1,2,306041,0.08,1,1,,,,,,,,,,,,,,,,,3,4,,,,,,,,,,,,,,,,,,,,,,,,
68,5,150,12,12,12,0,12,12,chapter_02_02,bgm_alfheim_02,303002,0.1,1,2,303200,0.1,1,2,303301,0.1,1,2,306009,0.5,2,3,306040,0.12,1,2,306043,0.08,1,1,,,,,,,,,,,,,,,,,3,4,,,,,,,,,,,,,,,,,,,,,,,,
69,5,150,12,12,12,0,12,12,chapter_02_01,bgm_alfheim_01,303101,0.1,1,2,303200,0.1,1,2,303301,0.1,1,2,306028,0.5,2,3,306040,0.12,1,2,306041,0.08,1,1,,,,,,,,,,,,,,,,,3,4,,,,,,,,,,,,,,,,,,,,,,,,
70,5,150,12,12,12,0,12,12,chapter_02_03,bgm_alfheim_03,302000,1,1,1,302003,1,1,1,302005,1,1,1,302004,1,1,1,306040,0.97,2,2,306041,0.01,1,1,306044,0.01,1,1,306043,0.01,1,1,,,,,,,,,5,6,,,,,,,,,,,,,,,,,,,,,,,,
71,5,150,12,12,12,0,12,12,chapter_02_01,bgm_alfheim_01,303101,0.1,1,2,303200,0.1,1,2,303301,0.1,1,2,306011,0.5,2,3,306040,0.12,1,2,306043,0.08,1,1,,,,,,,,,,,,,,,,,3,4,,,,,,,,,,,,,,,,,,,,,,,,
72,5,150,12,12,12,0,12,12,chapter_02_01,bgm_alfheim_01,303002,0.1,1,2,303101,0.1,1,2,303201,0.1,1,2,306027,0.5,2,3,306040,0.12,1,2,306041,0.08,1,1,,,,,,,,,,,,,,,,,3,4,,,,,,,,,,,,,,,,,,,,,,,,
73,5,150,0,0,0,0,0,0,chapter_02_02,bgm_alfheim_02,303101,0.1,1,2,303301,0.1,1,2,303401,0.1,1,2,306002,0.5,2,3,306040,0.12,1,2,306044,0.08,1,1,,,,,,,,,,,,,,,,,3,4,,,,,,,,,,,,,,,,,,,,,,,,
74,5,150,0,0,0,0,0,0,chapter_02_01,bgm_alfheim_01,303002,0.1,1,2,303101,0.1,1,2,303401,0.1,1,2,306010,0.5,2,3,306040,0.12,1,2,306043,0.08,1,1,,,,,,,,,,,,,,,,,3,4,,,,,,,,,,,,,,,,,,,,,,,,
75,5,150,0,0,0,0,0,0,chapter_02_01,bgm_alfheim_01,303102,1,2,2,,,,,,,,,,,,,,,,,,,,,,,,,,,,,,,,,,,,,1,2,,,,,,,,,,,,,,,,,,,,,,,,
76,5,150,0,0,0,0,0,0,chapter_02_02,bgm_alfheim_02,303102,0.1,1,2,303201,0.1,1,2,303401,0.1,1,2,306001,0.5,2,3,306040,0.12,1,2,306044,0.08,1,1,,,,,,,,,,,,,,,,,3,4,,,,,,,,,,,,,,,,,,,,,,,,
77,5,150,0,0,0,0,0,0,chapter_02_01,bgm_alfheim_01,303102,0.1,1,2,303201,0.1,1,2,303301,0.1,1,2,306011,0.5,2,3,306040,0.12,1,2,306043,0.08,1,1,,,,,,,,,,,,,,,,,3,4,,,,,,,,,,,,,,,,,,,,,,,,
78,5,150,0,0,0,0,0,0,chapter_02_02,bgm_alfheim_02,303201,0.1,1,2,303301,0.1,1,2,303401,0.1,1,2,306026,0.5,2,3,306040,0.12,1,2,306041,0.08,1,1,,,,,,,,,,,,,,,,,3,4,,,,,,,,,,,,,,,,,,,,,,,,
79,5,150,0,0,0,0,0,0,chapter_02_01,bgm_alfheim_01,303002,0.1,1,2,303301,0.1,1,2,303401,0.1,1,2,306000,0.5,2,3,306040,0.12,1,2,306044,0.08,1,1,,,,,,,,,,,,,,,,,3,4,,,,,,,,,,,,,,,,,,,,,,,,
80,5,150,0,0,0,0,0,0,chapter_02_03,bgm_alfheim_03,302001,1,1,1,302002,1,1,1,302004,1,1,1,303102,0.1,1,2,303201,0.1,1,2,306004,0.5,2,3,306040,0.12,1,2,306044,0.08,1,1,,,,,,,,,6,7,,,,,,,,,,,,,,,,,,,,,,,,
81,5,150,0,0,0,0,0,0,chapter_02_01,bgm_alfheim_01,303002,0.1,1,2,303102,0.1,1,2,303300,0.1,1,2,306010,0.5,2,3,306040,0.12,1,2,306043,0.08,1,1,,,,,,,,,,,,,,,,,3,4,,,,,,,,,,,,,,,,,,,,,,,,
82,5,150,0,0,0,0,0,0,chapter_02_01,bgm_alfheim_01,303002,0.1,1,2,303201,0.1,1,2,303300,0.1,1,2,306005,0.5,2,3,306040,0.12,1,2,306044,0.08,1,1,,,,,,,,,,,,,,,,,3,4,,,,,,,,,,,,,,,,,,,,,,,,
83,5,150,0,0,0,0,0,0,chapter_02_02,bgm_alfheim_02,303002,0.1,1,2,303201,0.1,1,2,303401,0.1,1,2,306003,0.5,2,3,306040,0.12,1,2,306044,0.08,1,1,,,,,,,,,,,,,,,,,3,4,,,,,,,,,,,,,,,,,,,,,,,,
84,5,150,0,0,0,0,0,0,chapter_02_01,bgm_alfheim_01,303002,0.1,1,2,303301,0.1,1,2,303401,0.1,1,2,306027,0.5,2,3,306040,0.12,1,2,306041,0.08,1,1,,,,,,,,,,,,,,,,,3,4,,,,,,,,,,,,,,,,,,,,,,,,
85,5,150,0,0,0,0,0,0,chapter_02_01,bgm_alfheim_01,303002,0.1,1,2,303102,0.1,1,2,303201,0.1,1,2,306028,0.5,2,3,306040,0.12,1,2,306041,0.08,1,1,,,,,,,,,,,,,,,,,3,4,,,,,,,,,,,,,,,,,,,,,,,,
86,5,150,50,12,12,0,50,0,chapter_02_02,bgm_alfheim_02,303002,0.1,1,2,303102,0.1,1,2,303401,0.1,1,2,306009,0.5,2,3,306040,0.12,1,2,306043,0.08,1,1,,,,,,,,,,,,,,,,,3,4,,,,,,,,,,,,,,,,,,,,,,,,
87,5,150,50,12,12,0,50,0,chapter_02_01,bgm_alfheim_01,303202,1,2,2,,,,,,,,,,,,,,,,,,,,,,,,,,,,,,,,,,,,,1,2,,,,,,,,,,,,,,,,,,,,,,,,
88,5,150,50,12,12,0,50,0,chapter_02_02,bgm_alfheim_02,303102,0.1,1,2,303202,0.1,1,2,303301,0.1,1,2,306026,0.5,2,3,306040,0.12,1,2,306041,0.08,1,1,,,,,,,,,,,,,,,,,3,4,,,,,,,,,,,,,,,,,,,,,,,,
89,5,150,50,12,12,0,50,0,chapter_02_01,bgm_alfheim_01,303002,0.1,1,2,303202,0.1,1,2,303301,0.1,1,2,306009,0.5,2,3,306040,0.12,1,2,306043,0.08,1,1,,,,,,,,,,,,,,,,,3,4,,,,,,,,,,,,,,,,,,,,,,,,
90,5,150,50,12,12,0,50,0,chapter_02_03,bgm_alfheim_03,302000,1,1,1,302003,1,1,1,302005,1,1,1,302004,1,1,1,302006,1,1,1,303202,0.1,1,2,306040,0.12,1,2,306044,0.08,1,1,,,,,,,,,4,5,,,,,,,,,,,,,,,,,,,,,,,,
91,5,150,50,12,12,0,50,0,chapter_02_01,bgm_alfheim_01,303002,0.1,1,2,303102,0.1,1,2,303301,0.1,1,2,306010,0.5,2,3,306040,0.12,1,2,306043,0.08,1,1,,,,,,,,,,,,,,,,,3,4,,,,,,,,,,,,,,,,,,,,,,,,
92,5,150,50,12,12,0,50,0,chapter_02_01,bgm_alfheim_01,303002,0.1,1,2,303301,0.1,1,2,303401,0.1,1,2,306005,0.5,2,3,306040,0.12,1,2,306044,0.08,1,1,,,,,,,,,,,,,,,,,3,4,,,,,,,,,,,,,,,,,,,,,,,,
93,5,150,50,12,12,0,50,50,chapter_02_02,bgm_alfheim_02,303102,0.1,1,2,303202,0.1,1,2,303400,0.1,1,2,306011,0.5,2,3,306040,0.12,1,2,306043,0.08,1,1,,,,,,,,,,,,,,,,,3,4,,,,,,,,,,,,,,,,,,,,,,,,
94,5,150,35,1,12,0,20,20,chapter_02_01,bgm_alfheim_01,303102,0.1,1,2,303301,0.1,1,2,303400,0.1,1,2,306003,0.5,2,3,306040,0.12,1,2,306044,0.08,1,1,,,,,,,,,,,,,,,,,3,4,,,,,,,,,,,,,,,,,,,,,,,,
95,5,150,35,1,12,0,20,20,chapter_02_01,bgm_alfheim_01,303102,0.1,1,2,303301,0.1,1,2,303400,0.1,1,2,306028,0.5,2,3,306040,0.12,1,2,306041,0.08,1,1,,,,,,,,,,,,,,,,,3,4,,,,,,,,,,,,,,,,,,,,,,,,
96,5,150,20,1,0,0,5,20,chapter_02_02,bgm_alfheim_02,303002,0.1,1,2,303202,0.1,1,2,303401,0.1,1,2,306027,0.5,2,3,306040,0.12,1,2,306041,0.08,1,1,,,,,,,,,,,,,,,,,3,4,,,,,,,,,,,,,,,,,,,,,,,,
97,5,150,0,0,0,0,5,0,chapter_02_01,bgm_alfheim_01,303002,0.1,1,2,303102,0.1,1,2,303301,0.1,1,2,306052,0.5,2,3,306040,0.12,1,2,306042,0.08,1,1,,,,,,,,,,,,,,,,,3,4,,,,,,,,,,,,,,,,,,,,,,,,
98,5,150,0,0,0,0,0,0,chapter_02_02,bgm_alfheim_02,303002,0.1,1,2,303102,0.1,1,2,303301,0.1,1,2,306051,0.5,2,3,306040,0.12,1,2,306042,0.08,1,1,,,,,,,,,,,,,,,,,3,4,,,,,,,,,,,,,,,,,,,,,,,,
99,5,150,0,0,0,0,0,0,chapter_02_01,bgm_alfheim_01,303000,0.1,1,2,303102,0.1,1,2,303301,0.1,1,2,306050,0.5,2,3,306040,0.12,1,2,306042,0.08,1,1,,,,,,,,,,,,,,,,,3,4,,,,,,,,,,,,,,,,,,,,,,,,
100,5,150,12,20,89,0,35,12,chapter_02_03,bgm_alfheim_03,302001,1,1,1,302002,1,1,1,302004,1,1,1,302006,1,1,1,303301,0.1,1,2,306051,0.5,2,3,306040,0.12,1,2,306042,0.08,1,1,,,,,,,,,6,7,,,,,,,,,,,,,,,,,,,,,,,,
101,5,150,12,20,5,0,0,0,chapter_03_01,bgm_svartalfheim_01,303000,0.1,1,2,303301,0.1,1,2,303401,0.1,1,2,306051,0.5,2,3,306040,0.12,1,2,306042,0.08,1,1,,,,,,,,,,,,,,,,,3,4,,,,,,,,,,,,,,,,,,,,,,,,
102,5,150,12,20,5,0,0,0,chapter_03_01,bgm_svartalfheim_01,303302,1,2,2,,,,,,,,,,,,,,,,,,,,,,,,,,,,,,,,,,,,,1,2,,,,,,,,,,,,,,,,,,,,,,,,
103,5,150,12,20,5,0,0,0,chapter_03_02,bgm_svartalfheim_02,303002,0.1,1,2,303102,0.1,1,2,303302,0.1,1,2,306050,0.5,2,3,306040,0.12,1,2,306042,0.08,1,1,,,,,,,,,,,,,,,,,3,4,,,,,,,,,,,,,,,,,,,,,,,,
104,5,150,12,20,5,0,0,0,chapter_03_01,bgm_svartalfheim_01,303202,0.1,1,2,303302,0.1,1,2,303401,0.1,1,2,306003,0.5,2,3,306040,0.12,1,2,306044,0.08,1,1,,,,,,,,,,,,,,,,,3,4,,,,,,,,,,,,,,,,,,,,,,,,
105,5,150,12,20,5,0,0,0,chapter_03_01,bgm_svartalfheim_01,303202,0.1,1,2,303302,0.1,1,2,303401,0.1,1,2,306013,0.5,2,3,306040,0.12,1,2,306043,0.08,1,1,,,,,,,,,,,,,,,,,3,4,,,,,,,,,,,,,,,,,,,,,,,,
106,5,150,12,20,5,0,0,0,chapter_03_02,bgm_svartalfheim_02,303002,0.1,1,2,303102,0.1,1,2,303401,0.1,1,2,306004,0.5,2,3,306040,0.12,1,2,306044,0.08,1,1,,,,,,,,,,,,,,,,,3,4,,,,,,,,,,,,,,,,,,,,,,,,
107,5,150,12,20,5,0,0,0,chapter_03_01,bgm_svartalfheim_01,303102,0.1,1,2,303302,0.1,1,2,303401,0.1,1,2,306014,0.5,2,3,306040,0.12,1,2,306043,0.08,1,1,,,,,,,,,,,,,,,,,3,4,,,,,,,,,,,,,,,,,,,,,,,,
108,5,150,125,110,50,0,12,42,chapter_03_02,bgm_svartalfheim_02,303002,0.1,1,2,303302,0.1,1,2,303401,0.1,1,2,306052,0.5,2,3,306040,0.12,1,2,306042,0.08,1,1,,,,,,,,,,,,,,,,,3,4,,,,,,,,,,,,,,,,,,,,,,,,
109,5,150,12,20,5,0,0,0,chapter_03_01,bgm_svartalfheim_01,303002,0.1,1,2,303102,0.1,1,2,303401,0.1,1,2,306005,0.5,2,3,306040,0.12,1,2,306044,0.08,1,1,,,,,,,,,,,,,,,,,3,4,,,,,,,,,,,,,,,,,,,,,,,,
110,5,150,12,20,5,0,0,0,chapter_03_03,bgm_svartalfheim_03,302000,1,1,1,302003,1,1,1,302005,1,1,1,302004,1,1,1,302006,1,1,1,303002,0.1,1,2,306040,0.12,1,2,306041,0.08,1,1,,,,,,,,,4,5,,,,,,,,,,,,,,,,,,,,,,,,
111,5,150,12,20,5,0,0,0,chapter_03_01,bgm_svartalfheim_01,303100,0.1,1,2,303202,0.1,1,2,303302,0.1,1,2,306026,0.5,2,3,306040,0.12,1,2,306041,0.08,1,1,,,,,,,,,,,,,,,,,3,4,,,,,,,,,,,,,,,,,,,,,,,,
112,5,150,12,20,5,0,0,0,chapter_03_01,bgm_svartalfheim_01,303100,0.1,1,2,303202,0.1,1,2,303302,0.1,1,2,306028,0.5,2,3,306040,0.12,1,2,306041,0.08,1,1,,,,,,,,,,,,,,,,,3,4,,,,,,,,,,,,,,,,,,,,,,,,
113,5,150,12,20,5,0,0,0,chapter_03_02,bgm_svartalfheim_02,303102,0.1,1,2,303302,0.1,1,2,303401,0.1,1,2,306012,0.5,2,3,306040,0.12,1,2,306043,0.08,1,1,,,,,,,,,,,,,,,,,3,4,,,,,,,,,,,,,,,,,,,,,,,,
114,5,150,12,20,5,0,0,0,chapter_03_01,bgm_svartalfheim_01,303001,0.1,1,2,303302,0.1,1,2,303401,0.1,1,2,306014,0.5,2,3,306040,0.12,1,2,306043,0.08,1,1,,,,,,,,,,,,,,,,,3,4,,,,,,,,,,,,,,,,,,,,,,,,
115,5,150,12,20,5,0,0,0,chapter_03_01,bgm_svartalfheim_01,303001,0.1,1,2,303202,0.1,1,2,303302,0.1,1,2,306051,0.5,2,3,306040,0.12,1,2,306042,0.08,1,1,,,,,,,,,,,,,,,,,3,4,,,,,,,,,,,,,,,,,,,,,,,,
116,5,150,12,20,5,0,0,0,chapter_03_02,bgm_svartalfheim_02,303002,0.1,1,2,303302,0.1,1,2,303401,0.1,1,2,306004,0.5,2,3,306040,0.12,1,2,306044,0.08,1,1,,,,,,,,,,,,,,,,,3,4,,,,,,,,,,,,,,,,,,,,,,,,
117,5,150,12,20,5,0,0,0,chapter_03_01,bgm_svartalfheim_01,303402,1,2,2,,,,,,,,,,,,,,,,,,,,,,,,,,,,,,,,,,,,,1,2,,,,,,,,,,,,,,,,,,,,,,,,
118,5,150,12,20,5,0,0,0,chapter_03_02,bgm_svartalfheim_02,303002,0.1,1,2,303302,0.1,1,2,303402,0.1,1,2,306050,0.5,2,3,306040,0.12,1,2,306042,0.08,1,1,,,,,,,,,,,,,,,,,3,4,,,,,,,,,,,,,,,,,,,,,,,,
119,5,150,12,20,5,0,0,0,chapter_03_01,bgm_svartalfheim_01,303102,0.1,1,2,303202,0.1,1,2,303402,0.1,1,2,306005,0.5,2,3,306040,0.12,1,2,306044,0.08,1,1,,,,,,,,,,,,,,,,,3,4,,,,,,,,,,,,,,,,,,,,,,,,
120,5,150,12,20,5,0,0,0,chapter_03_03,bgm_svartalfheim_03,302008,1,1,1,302000,1,1,1,302005,1,1,1,303102,0.1,1,2,303302,0.1,1,2,303402,0.1,1,2,306040,0.12,1,2,306044,0.08,1,1,,,,,,,,,4,5,,,,,,,,,,,,,,,,,,,,,,,,
121,5,150,12,20,5,0,0,0,chapter_03_01,bgm_svartalfheim_01,303002,0.1,1,2,303102,0.1,1,2,303202,0.1,1,2,306003,0.5,2,3,306040,0.12,1,2,306044,0.08,1,1,,,,,,,,,,,,,,,,,3,4,,,,,,,,,,,,,,,,,,,,,,,,
122,5,150,255,87,174,0,12,42,chapter_03_01,bgm_svartalfheim_01,303002,0.1,1,2,303102,0.1,1,2,303402,0.1,1,2,306052,0.5,2,3,306040,0.12,1,2,306042,0.08,1,1,,,,,,,,,,,,,,,,,3,4,,,,,,,,,,,,,,,,,,,,,,,,
123,5,150,12,20,5,0,0,0,chapter_03_02,bgm_svartalfheim_02,303002,0.1,1,2,303202,0.1,1,2,303402,0.1,1,2,306013,0.5,2,3,306040,0.12,1,2,306043,0.08,1,1,,,,,,,,,,,,,,,,,3,4,,,,,,,,,,,,,,,,,,,,,,,,
124,5,150,12,20,5,0,0,0,chapter_03_01,bgm_svartalfheim_01,303102,0.1,1,2,303202,0.1,1,2,303402,0.1,1,2,306027,0.5,2,3,306040,0.12,1,2,306041,0.08,1,1,,,,,,,,,,,,,,,,,3,4,,,,,,,,,,,,,,,,,,,,,,,,
125,5,150,12,20,5,0,0,0,chapter_03_01,bgm_svartalfheim_01,306040,0.96,2,2,306041,0.01,1,1,306044,0.01,1,1,306043,0.01,1,1,306042,0.01,1,1,,,,,,,,,,,,,,,,,,,,,1,2,,,,,,,,,,,,,,,,,,,,,,,,
126,5,150,12,20,5,0,0,0,chapter_03_02,bgm_svartalfheim_02,303002,0.1,1,2,303101,0.1,1,2,303402,0.1,1,2,306051,0.5,2,3,306040,0.12,1,2,306042,0.08,1,1,,,,,,,,,,,,,,,,,3,4,,,,,,,,,,,,,,,,,,,,,,,,
127,5,150,12,20,5,0,0,0,chapter_03_01,bgm_svartalfheim_01,303101,0.1,1,2,303202,0.1,1,2,303302,0.1,1,2,306013,0.5,2,3,306040,0.12,1,2,306043,0.08,1,1,,,,,,,,,,,,,,,,,3,4,,,,,,,,,,,,,,,,,,,,,,,,
128,5,150,12,20,5,0,0,0,chapter_03_02,bgm_svartalfheim_02,303102,0.1,1,2,303202,0.1,1,2,303302,0.1,1,2,306014,0.5,2,3,306040,0.12,1,2,306043,0.08,1,1,,,,,,,,,,,,,,,,,3,4,,,,,,,,,,,,,,,,,,,,,,,,
129,5,150,12,20,5,0,0,0,chapter_03_01,bgm_svartalfheim_01,303002,0.1,1,2,303202,0.1,1,2,303402,0.1,1,2,306012,0.5,2,3,306040,0.12,1,2,306043,0.08,1,1,,,,,,,,,,,,,,,,,3,4,,,,,,,,,,,,,,,,,,,,,,,,
130,5,150,12,20,5,0,0,0,chapter_03_03,bgm_svartalfheim_03,302001,1,1,1,302002,1,1,1,302004,1,1,1,302006,1,1,1,303002,0.1,1,2,306031,0.5,2,3,306035,0.12,1,2,306036,0.08,1,1,,,,,,,,,5,6,,,,,,,,,,,,,,,,,,,,,,,,
131,5,150,12,20,5,0,0,0,chapter_03_01,bgm_svartalfheim_01,303102,0.1,1,2,303302,0.1,1,2,303402,0.1,1,2,306029,0.5,2,3,306035,0.12,1,2,306036,0.08,1,1,,,,,,,,,,,,,,,,,3,4,,,,,,,,,,,,,,,,,,,,,,,,
132,5,150,12,20,5,0,0,0,chapter_03_01,bgm_svartalfheim_01,303002,0.1,1,2,303202,0.1,1,2,303302,0.1,1,2,306050,0.5,2,3,306040,0.12,1,2,306042,0.08,1,1,,,,,,,,,,,,,,,,,3,4,,,,,,,,,,,,,,,,,,,,,,,,
133,5,150,12,20,5,0,0,0,chapter_03_02,bgm_svartalfheim_02,303102,0.1,1,2,303302,0.1,1,2,303402,0.1,1,2,306030,0.5,2,3,306035,0.12,1,2,306036,0.08,1,1,,,,,,,,,,,,,,,,,3,4,,,,,,,,,,,,,,,,,,,,,,,,
134,5,150,12,20,5,0,0,0,chapter_03_01,bgm_svartalfheim_01,303102,0.1,1,2,303302,0.1,1,2,303402,0.1,1,2,306003,0.5,2,3,306040,0.12,1,2,306044,0.08,1,1,,,,,,,,,,,,,,,,,3,4,,,,,,,,,,,,,,,,,,,,,,,,
135,5,150,50,87,50,0,0,72,chapter_03_01,bgm_svartalfheim_01,303002,0.1,1,2,303202,0.1,1,2,303302,0.1,1,2,306028,0.5,2,3,306035,0.12,1,2,306036,0.08,1,1,,,,,,,,,,,,,,,,,3,4,,,,,,,,,,,,,,,,,,,,,,,,
136,5,150,12,20,5,0,0,0,chapter_03_02,bgm_svartalfheim_02,303102,0.1,1,2,303302,0.1,1,2,303402,0.1,1,2,306026,0.5,2,3,306040,0.12,1,2,306041,0.08,1,1,,,,,,,,,,,,,,,,,3,4,,,,,,,,,,,,,,,,,,,,,,,,
137,5,150,12,20,5,0,0,0,chapter_03_01,bgm_svartalfheim_01,303102,0.1,1,2,303302,0.1,1,2,303402,0.1,1,2,306005,0.5,2,3,306040,0.12,1,2,306044,0.08,1,1,,,,,,,,,,,,,,,,,3,4,,,,,,,,,,,,,,,,,,,,,,,,
138,5,150,12,20,5,0,0,0,chapter_03_02,bgm_svartalfheim_02,303002,0.1,1,2,303200,0.1,1,2,303302,0.1,1,2,306052,0.5,2,3,306040,0.12,1,2,306042,0.08,1,1,,,,,,,,,,,,,,,,,3,4,,,,,,,,,,,,,,,,,,,,,,,,
139,5,150,50,87,125,0,0,72,chapter_03_01,bgm_svartalfheim_01,303102,0.1,1,2,303200,0.1,1,2,303302,0.1,1,2,306004,0.5,2,3,306040,0.12,1,2,306044,0.08,1,1,,,,,,,,,,,,,,,,,3,4,,,,,,,,,,,,,,,,,,,,,,,,
140,5,150,12,20,5,0,0,0,chapter_03_03,bgm_svartalfheim_03,302008,1,1,1,302000,1,1,1,302005,1,1,1,303202,0.1,1,2,303302,0.1,1,2,306012,0.5,2,3,306040,0.12,1,2,306043,0.08,1,1,,,,,,,,,5,6,,,,,,,,,,,,,,,,,,,,,,,,
141,5,150,12,20,5,0,0,0,chapter_03_01,bgm_svartalfheim_01,303102,0.1,1,2,303202,0.1,1,2,303402,0.1,1,2,306029,0.5,2,3,306035,0.12,1,2,306036,0.08,1,1,,,,,,,,,,,,,,,,,3,4,,,,,,,,,,,,,,,,,,,,,,,,
142,5,150,12,20,5,0,0,0,chapter_03_01,bgm_svartalfheim_01,303102,0.1,1,2,303202,0.1,1,2,303302,0.1,1,2,306051,0.5,2,3,306035,0.12,1,2,306037,0.08,1,1,,,,,,,,,,,,,,,,,3,4,,,,,,,,,,,,,,,,,,,,,,,,
143,5,150,12,20,5,0,0,0,chapter_03_02,bgm_svartalfheim_02,303002,0.1,1,2,303202,0.1,1,2,303302,0.1,1,2,306031,0.5,2,3,306035,0.12,1,2,306036,0.08,1,1,,,,,,,,,,,,,,,,,3,4,,,,,,,,,,,,,,,,,,,,,,,,
144,5,150,12,20,5,0,0,0,chapter_03_01,bgm_svartalfheim_01,303002,0.1,1,2,303202,0.1,1,2,303402,0.1,1,2,306013,0.5,2,3,306040,0.12,1,2,306043,0.08,1,1,,,,,,,,,,,,,,,,,3,4,,,,,,,,,,,,,,,,,,,,,,,,
145,5,150,12,20,5,0,0,0,chapter_03_01,bgm_svartalfheim_01,303002,0.1,1,2,303202,0.1,1,2,303302,0.1,1,2,306012,0.5,2,3,306040,0.12,1,2,306043,0.08,1,1,,,,,,,,,,,,,,,,,3,4,,,,,,,,,,,,,,,,,,,,,,,,
146,5,150,12,20,5,0,0,0,chapter_03_02,bgm_svartalfheim_02,303002,0.1,1,2,303102,0.1,1,2,303302,0.1,1,2,306014,0.5,2,3,306040,0.12,1,2,306043,0.08,1,1,,,,,,,,,,,,,,,,,3,4,,,,,,,,,,,,,,,,,,,,,,,,
147,5,150,50,87,87,0,0,50,chapter_03_01,bgm_svartalfheim_01,303002,0.1,1,2,303302,0.1,1,2,303402,0.1,1,2,306030,0.5,2,3,306035,0.12,1,2,306036,0.08,1,1,,,,,,,,,,,,,,,,,3,4,,,,,,,,,,,,,,,,,,,,,,,,
148,5,150,50,35,87,0,0,50,chapter_03_02,bgm_svartalfheim_02,303002,0.1,1,2,303302,0.1,1,2,303402,0.1,1,2,306003,0.5,2,3,306040,0.12,1,2,306044,0.08,1,1,,,,,,,,,,,,,,,,,3,4,,,,,,,,,,,,,,,,,,,,,,,,
149,5,150,50,50,65,0,0,35,chapter_03_01,bgm_svartalfheim_01,303002,0.1,1,2,303102,0.1,1,2,303302,0.1,1,2,306050,0.5,2,3,306040,0.12,1,2,306042,0.08,1,1,,,,,,,,,,,,,,,,,3,4,,,,,,,,,,,,,,,,,,,,,,,,
150,5,150,50,35,72,0,0,50,chapter_03_03,bgm_svartalfheim_03,302001,1,1,1,302002,1,1,1,302004,1,1,1,302006,1,1,1,303002,0.1,1,2,306052,0.5,2,3,306040,0.12,1,2,306042,0.08,1,1,,,,,,,,,5,6,,,,,,,,,,,,,,,,,,,,,,,,
151,5,150,0,0,50,0,50,212,chapter_04_01,bgm_asgard_01,306035,0.92,2,2,306036,0.02,1,1,306039,0.02,1,1,306038,0.02,1,1,306037,0.02,1,1,,,,,,,,,,,,,,,,,,,,,1,2,,,,,,,,,,,,,,,,,,,,,,,,
152,5,150,0,0,52,0,50,212,chapter_04_01,bgm_asgard_01,303002,0.1,1,2,303202,0.1,1,2,303402,0.1,1,2,306029,0.5,2,3,306035,0.12,1,2,306036,0.08,1,1,,,,,,,,,,,,,,,,,3,4,,,,,,,,,,,,,,,,,,,,,,,,
153,5,150,0,0,54,0,50,212,chapter_04_01,bgm_asgard_01,303002,0.1,1,2,303102,0.1,1,2,303302,0.1,1,2,306030,0.5,2,3,306035,0.12,1,2,306036,0.08,1,1,,,,,,,,,,,,,,,,,3,4,,,,,,,,,,,,,,,,,,,,,,,,
154,5,150,0,0,56,0,50,212,chapter_04_01,bgm_asgard_01,303002,0.1,1,2,303300,0.1,1,2,303402,0.1,1,2,306008,0.5,2,3,306035,0.12,1,2,306039,0.08,1,1,,,,,,,,,,,,,,,,,3,4,,,,,,,,,,,,,,,,,,,,,,,,
155,5,150,0,0,59,0,61,212,chapter_04_01,bgm_asgard_01,303102,0.1,1,2,303202,0.1,1,2,303300,0.1,1,2,306051,0.5,2,3,306035,0.12,1,2,306037,0.08,1,1,,,,,,,,,,,,,,,,,3,4,,,,,,,,,,,,,,,,,,,,,,,,
156,5,150,0,0,61,0,72,212,chapter_04_01,bgm_asgard_01,303102,0.1,1,2,303202,0.1,1,2,303302,0.1,1,2,306006,0.5,2,3,306035,0.12,1,2,306039,0.08,1,1,,,,,,,,,,,,,,,,,3,4,,,,,,,,,,,,,,,,,,,,,,,,
157,5,150,0,0,63,0,83,212,chapter_04_01,bgm_asgard_01,303102,0.1,1,2,303302,0.1,1,2,303402,0.1,1,2,306007,0.5,2,3,306035,0.12,1,2,306039,0.08,1,1,,,,,,,,,,,,,,,,,3,4,,,,,,,,,,,,,,,,,,,,,,,,
158,5,150,0,2,65,0,87,212,chapter_04_01,bgm_asgard_01,303002,0.1,1,2,303102,0.1,1,2,303402,0.1,1,2,306029,0.5,2,3,306035,0.12,1,2,306036,0.08,1,1,,,,,,,,,,,,,,,,,3,4,,,,,,,,,,,,,,,,,,,,,,,,
159,5,150,0,3,68,0,87,215,chapter_04_01,bgm_asgard_01,303002,0.1,1,2,303202,0.1,1,2,303302,0.1,1,2,306007,0.5,2,3,306035,0.12,1,2,306039,0.08,1,1,,,,,,,,,,,,,,,,,3,4,,,,,,,,,,,,,,,,,,,,,,,,
160,5,150,0,5,72,0,87,215,chapter_04_01,bgm_asgard_01,302000,1,1,1,302003,1,1,1,302005,1,1,1,302010,1,1,1,303002,0.1,1,2,306031,0.5,2,3,306035,0.12,1,2,306036,0.08,1,1,,,,,,,,,5,6,,,,,,,,,,,,,,,,,,,,,,,,
161,5,150,0,14,75,0,87,215,chapter_04_01,bgm_asgard_01,303002,0.1,1,2,303102,0.1,1,2,303402,0.1,1,2,306053,0.5,2,3,306035,0.12,1,2,306037,0.08,1,1,,,,,,,,,,,,,,,,,3,4,,,,,,,,,,,,,,,,,,,,,,,,
162,5,150,0,23,78,0,87,215,chapter_04_01,bgm_asgard_01,303002,0.1,1,2,303201,0.1,1,2,303302,0.1,1,2,306016,0.5,2,3,306035,0.12,1,2,306038,0.08,1,1,,,,,,,,,,,,,,,,,3,4,,,,,,,,,,,,,,,,,,,,,,,,
163,5,150,7,32,81,0,87,215,chapter_04_01,bgm_asgard_01,303102,0.1,1,2,303201,0.1,1,2,303402,0.1,1,2,306030,0.5,2,3,306035,0.12,1,2,306036,0.08,1,1,,,,,,,,,,,,,,,,,3,4,,,,,,,,,,,,,,,,,,,,,,,,
164,5,150,15,41,84,0,87,215,chapter_04_01,bgm_asgard_01,303102,0.1,1,2,303202,0.1,1,2,303302,0.1,1,2,306008,0.5,2,3,306035,0.12,1,2,306039,0.08,1,1,,,,,,,,,,,,,,,,,3,4,,,,,,,,,,,,,,,,,,,,,,,,
165,5,150,23,50,87,0,87,215,chapter_04_01,bgm_asgard_01,303002,0.1,1,2,303302,0.1,1,2,303402,0.1,1,2,306054,0.5,2,3,306035,0.12,1,2,306037,0.08,1,1,,,,,,,,,,,,,,,,,3,4,,,,,,,,,,,,,,,,,,,,,,,,
166,5,150,32,59,90,0,87,215,chapter_04_02,bgm_asgard_02,303002,0.1,1,2,303102,0.1,1,2,303402,0.1,1,2,306055,0.5,2,3,306035,0.12,1,2,306037,0.08,1,1,,,,,,,,,,,,,,,,,3,4,,,,,,,,,,,,,,,,,,,,,,,,
167,5,150,40,68,93,0,87,218,chapter_04_02,bgm_asgard_02,303002,0.1,1,2,303102,0.1,1,2,303302,0.1,1,2,306007,0.5,2,3,306035,0.12,1,2,306039,0.08,1,1,,,,,,,,,,,,,,,,,3,4,,,,,,,,,,,,,,,,,,,,,,,,
168,5,150,48,77,96,0,87,201,chapter_04_02,bgm_asgard_02,303002,0.1,1,2,303202,0.1,1,2,303302,0.1,1,2,306030,0.5,2,3,306035,0.12,1,2,306036,0.08,1,1,,,,,,,,,,,,,,,,,3,4,,,,,,,,,,,,,,,,,,,,,,,,
169,5,150,56,86,99,0,87,203,chapter_04_02,bgm_asgard_02,303002,0.1,1,2,303202,0.1,1,2,303302,0.1,1,2,306008,0.5,2,3,306035,0.12,1,2,306039,0.08,1,1,,,,,,,,,,,,,,,,,3,4,,,,,,,,,,,,,,,,,,,,,,,,
170,5,150,65,95,102,0,87,201,chapter_04_02,bgm_asgard_02,302001,1,1,1,302002,1,1,1,302004,1,1,1,302006,1,1,1,303202,0.1,1,2,306031,0.5,2,3,306035,0.12,1,2,306036,0.08,1,1,,,,,,,,,5,6,,,,,,,,,,,,,,,,,,,,,,,,
171,5,150,76,98,104,0,87,231,chapter_04_02,bgm_asgard_02,303102,0.1,1,2,303202,0.1,1,2,303400,0.1,1,2,306006,0.5,2,3,306035,0.12,1,2,306039,0.08,1,1,,,,,,,,,,,,,,,,,3,4,,,,,,,,,,,,,,,,,,,,,,,,
172,5,150,80,102,107,0,87,224,chapter_04_02,bgm_asgard_02,303002,0.1,1,2,303102,0.1,1,2,303302,0.1,1,2,306053,0.5,2,3,306035,0.12,1,2,306037,0.08,1,1,,,,,,,,,,,,,,,,,3,4,,,,,,,,,,,,,,,,,,,,,,,,
173,5,150,83,106,109,0,87,201,chapter_04_02,bgm_asgard_02,303001,0.1,1,2,303202,0.1,1,2,303402,0.1,1,2,306015,0.5,2,3,306035,0.12,1,2,306038,0.08,1,1,,,,,,,,,,,,,,,,,3,4,,,,,,,,,,,,,,,,,,,,,,,,
174,5,150,87,110,111,0,87,236,chapter_04_02,bgm_asgard_02,303001,0.1,1,2,303202,0.1,1,2,303402,0.1,1,2,306017,0.5,2,3,306035,0.12,1,2,306038,0.08,1,1,,,,,,,,,,,,,,,,,3,4,,,,,,,,,,,,,,,,,,,,,,,,
175,5,150,91,113,113,0,87,235,chapter_04_02,bgm_asgard_02,306035,0.88,2,2,306036,0.03,1,1,306039,0.03,1,1,306038,0.03,1,1,306037,0.03,1,1,,,,,,,,,,,,,,,,,,,,,1,2,,,,,,,,,,,,,,,,,,,,,,,,
176,5,150,95,117,116,0,87,193,chapter_04_02,bgm_asgard_02,303102,0.1,1,2,303202,0.1,1,2,303302,0.1,1,2,306029,0.5,2,3,306035,0.12,1,2,306036,0.08,1,1,,,,,,,,,,,,,,,,,3,4,,,,,,,,,,,,,,,,,,,,,,,,
177,5,150,98,121,118,0,87,198,chapter_04_02,bgm_asgard_02,303002,0.1,1,2,303302,0.1,1,2,303402,0.1,1,2,306055,0.5,2,3,306035,0.12,1,2,306037,0.08,1,1,,,,,,,,,,,,,,,,,3,4,,,,,,,,,,,,,,,,,,,,,,,,
178,5,150,102,125,120,0,87,243,chapter_04_02,bgm_asgard_02,303002,0.1,1,2,303202,0.1,1,2,303301,0.1,1,2,306016,0.5,2,3,306035,0.12,1,2,306038,0.08,1,1,,,,,,,,,,,,,,,,,3,4,,,,,,,,,,,,,,,,,,,,,,,,
179,5,150,106,128,122,0,87,223,chapter_04_02,bgm_asgard_02,303102,0.1,1,2,303301,0.1,1,2,303402,0.1,1,2,306054,0.5,2,3,306035,0.12,1,2,306037,0.08,1,1,,,,,,,,,,,,,,,,,3,4,,,,,,,,,,,,,,,,,,,,,,,,
180,5,150,110,132,125,0,87,259,chapter_04_02,bgm_asgard_02,302000,1,1,1,302003,1,1,1,302005,1,1,1,302010,1,1,1,302011,1,1,1,303002,0.1,1,2,306035,0.12,1,2,306039,0.08,1,1,,,,,,,,,4,5,,,,,,,,,,,,,,,,,,,,,,,,
181,5,150,113,136,127,0,87,236,chapter_04_02,bgm_asgard_02,303002,0.1,1,2,303302,0.1,1,2,303402,0.1,1,2,306030,0.5,2,3,306035,0.12,1,2,306036,0.08,1,1,,,,,,,,,,,,,,,,,3,4,,,,,,,,,,,,,,,,,,,,,,,,
182,5,150,117,140,129,0,237,266,chapter_04_02,bgm_asgard_02,303002,0.1,1,2,303101,0.1,1,2,303202,0.1,1,2,306016,0.5,2,3,306035,0.12,1,2,306038,0.08,1,1,,,,,,,,,,,,,,,,,3,4,,,,,,,,,,,,,,,,,,,,,,,,
183,5,150,121,143,131,0,237,206,chapter_04_03,bgm_asgard_03,303101,0.1,1,2,303202,0.1,1,2,303302,0.1,1,2,306006,0.5,2,3,306035,0.12,1,2,306039,0.08,1,1,,,,,,,,,,,,,,,,,3,4,,,,,,,,,,,,,,,,,,,,,,,,
184,5,150,125,147,134,0,237,229,chapter_04_03,bgm_asgard_03,303002,0.1,1,2,303102,0.1,1,2,303302,0.1,1,2,306007,0.5,2,3,306035,0.12,1,2,306039,0.08,1,1,,,,,,,,,,,,,,,,,3,4,,,,,,,,,,,,,,,,,,,,,,,,
185,5,150,128,151,136,0,237,217,chapter_04_03,bgm_asgard_03,303002,0.1,1,2,303102,0.1,1,2,303302,0.1,1,2,306053,0.5,2,3,306035,0.12,1,2,306037,0.08,1,1,,,,,,,,,,,,,,,,,3,4,,,,,,,,,,,,,,,,,,,,,,,,
186,5,150,132,155,138,0,237,247,chapter_04_03,bgm_asgard_03,303203,1,2,2,,,,,,,,,,,,,,,,,,,,,,,,,,,,,,,,,,,,,1,2,,,,,,,,,,,,,,,,,,,,,,,,
187,5,150,136,158,140,0,237,266,chapter_04_03,bgm_asgard_03,303002,0.1,1,2,303203,0.1,1,2,303302,0.1,1,2,306006,0.5,2,3,306035,0.12,1,2,306039,0.08,1,1,,,,,,,,,,,,,,,,,3,4,,,,,,,,,,,,,,,,,,,,,,,,
188,5,150,140,162,143,0,237,297,chapter_04_03,bgm_asgard_03,303002,0.1,1,2,303203,0.1,1,2,303402,0.1,1,2,306015,0.5,2,3,306035,0.12,1,2,306038,0.08,1,1,,,,,,,,,,,,,,,,,3,4,,,,,,,,,,,,,,,,,,,,,,,,
189,5,150,143,166,145,0,237,312,chapter_04_03,bgm_asgard_03,303203,0.1,1,2,303302,0.1,1,2,303402,0.1,1,2,306031,0.5,2,3,306035,0.12,1,2,306036,0.08,1,1,,,,,,,,,,,,,,,,,3,4,,,,,,,,,,,,,,,,,,,,,,,,
190,5,150,147,170,147,0,237,257,chapter_04_03,bgm_asgard_03,302001,1,1,1,302002,1,1,1,302004,1,1,1,302006,1,1,1,303102,0.1,1,2,303302,0.1,1,2,306035,0.12,1,2,306038,0.08,1,1,,,,,,,,,4,5,,,,,,,,,,,,,,,,,,,,,,,,
191,5,150,152,173,150,0,252,284,chapter_04_03,bgm_asgard_03,303002,0.1,1,2,303302,0.1,1,2,303402,0.1,1,2,306055,0.5,2,3,306035,0.12,1,2,306037,0.08,1,1,,,,,,,,,,,,,,,,,3,4,,,,,,,,,,,,,,,,,,,,,,,,
192,5,150,155,177,153,0,267,296,chapter_04_03,bgm_asgard_03,303102,0.1,1,2,303203,0.1,1,2,303302,0.1,1,2,306008,0.5,2,3,306035,0.12,1,2,306039,0.08,1,1,,,,,,,,,,,,,,,,,3,4,,,,,,,,,,,,,,,,,,,,,,,,
193,5,150,158,181,156,0,282,296,chapter_04_03,bgm_asgard_03,303002,0.1,1,2,303102,0.1,1,2,303302,0.1,1,2,306029,0.5,2,3,306035,0.12,1,2,306036,0.08,1,1,,,,,,,,,,,,,,,,,3,4,,,,,,,,,,,,,,,,,,,,,,,,
194,5,150,161,185,159,0,309,250,chapter_04_03,bgm_asgard_03,303203,0.1,1,2,303302,0.1,1,2,303402,0.1,1,2,306015,0.5,2,3,306035,0.12,1,2,306038,0.08,1,1,,,,,,,,,,,,,,,,,3,4,,,,,,,,,,,,,,,,,,,,,,,,
195,5,150,164,188,162,0,324,267,chapter_04_03,bgm_asgard_03,303102,0.1,1,2,303203,0.1,1,2,303302,0.1,1,2,306006,0.5,2,3,306035,0.12,1,2,306039,0.08,1,1,,,,,,,,,,,,,,,,,3,4,,,,,,,,,,,,,,,,,,,,,,,,
196,5,150,167,192,165,0,310,251,chapter_04_03,bgm_asgard_03,303002,0.1,1,2,303302,0.1,1,2,303402,0.1,1,2,306053,0.5,2,3,306035,0.12,1,2,306037,0.08,1,1,,,,,,,,,,,,,,,,,3,4,,,,,,,,,,,,,,,,,,,,,,,,
197,5,150,170,196,168,0,298,242,chapter_04_03,bgm_asgard_03,303002,0.1,1,2,303203,0.1,1,2,303402,0.1,1,2,306054,0.5,2,3,306035,0.12,1,2,306037,0.08,1,1,,,,,,,,,,,,,,,,,3,4,,,,,,,,,,,,,,,,,,,,,,,,
198,5,150,173,200,171,0,277,224,chapter_04_03,bgm_asgard_03,303203,0.1,1,2,303302,0.1,1,2,303402,0.1,1,2,306017,0.5,2,3,306035,0.12,1,2,306038,0.08,1,1,,,,,,,,,,,,,,,,,3,4,,,,,,,,,,,,,,,,,,,,,,,,
199,5,150,176,203,174,0,269,220,chapter_04_03,bgm_asgard_03,303203,0.1,1,2,303302,0.1,1,2,303402,0.1,1,2,306007,0.5,2,3,306035,0.12,1,2,306039,0.08,1,1,,,,,,,,,,,,,,,,,3,4,,,,,,,,,,,,,,,,,,,,,,,,
200,5,150,179,207,177,0,302,248,chapter_04_03,bgm_asgard_03,302000,1,1,1,302003,1,1,1,302005,1,1,1,302010,1,1,1,302011,1,1,1,303002,0.1,1,2,306035,0.12,1,2,306036,0.08,1,1,,,,,,,,,4,5,,,,,,,,,,,,,,,,,,,,,,,,
201,5,150,56,123,76,0,299,245,chapter_05_01,bgm_muspelheim_01,303002,0.223,1,1,303102,0.223,1,1,303201,0.223,1,1,306017,0.3,1,2,306045,0.024,1,1,306048,0.007,1,1,,,,,,,,,,,,,,,,,1,2,,,,,,,,,,,,,,,,,,,,,,,,
202,5,150,56,123,76,0,330,271,chapter_05_01,bgm_muspelheim_01,303102,0.223,1,1,303301,0.223,1,1,303401,0.223,1,1,306015,0.3,1,2,306045,0.024,1,1,306048,0.007,1,1,,,,,,,,,,,,,,,,,1,2,,,,,,,,,,,,,,,,,,,,,,,,
203,5,150,56,120,76,0,447,261,chapter_05_02,bgm_muspelheim_02,303102,0.223,1,1,303201,0.223,1,1,303301,0.223,1,1,306055,0.3,1,2,306045,0.024,1,1,306047,0.007,1,1,,,,,,,,,,,,,,,,,1,2,,,,,,,,,,,,,,,,,,,,,,,,
204,5,150,57,120,76,0,437,359,chapter_05_01,bgm_muspelheim_01,303002,0.223,1,1,303201,0.223,1,1,303301,0.223,1,1,306055,0.3,1,2,306045,0.024,1,1,306047,0.007,1,1,,,,,,,,,,,,,,,,,1,2,,,,,,,,,,,,,,,,,,,,,,,,
205,5,150,57,116,76,0,426,350,chapter_05_01,bgm_muspelheim_01,303002,0.223,1,1,303201,0.223,1,1,303401,0.223,1,1,306016,0.3,1,2,306045,0.024,1,1,306048,0.007,1,1,,,,,,,,,,,,,,,,,1,2,,,,,,,,,,,,,,,,,,,,,,,,
206,5,150,58,116,76,0,451,371,chapter_05_02,bgm_muspelheim_02,303002,0.223,1,1,303301,0.223,1,1,303401,0.223,1,1,306017,0.3,1,2,306045,0.024,1,1,306048,0.007,1,1,,,,,,,,,,,,,,,,,1,2,,,,,,,,,,,,,,,,,,,,,,,,
207,5,150,58,113,76,0,471,389,chapter_05_01,bgm_muspelheim_01,303201,0.223,1,1,303301,0.223,1,1,303401,0.223,1,1,306053,0.3,1,2,306045,0.024,1,1,306047,0.007,1,1,,,,,,,,,,,,,,,,,1,2,,,,,,,,,,,,,,,,,,,,,,,,
208,5,150,59,113,76,0,535,442,chapter_05_02,bgm_muspelheim_02,303102,0.223,1,1,303301,0.223,1,1,303401,0.223,1,1,306055,0.3,1,2,306045,0.024,1,1,306047,0.007,1,1,,,,,,,,,,,,,,,,,1,2,,,,,,,,,,,,,,,,,,,,,,,,
209,5,150,59,110,76,0,457,377,chapter_05_01,bgm_muspelheim_01,303002,0.223,1,1,303102,0.223,1,1,303301,0.223,1,1,306015,0.3,1,2,306045,0.024,1,1,306048,0.007,1,1,,,,,,,,,,,,,,,,,1,2,,,,,,,,,,,,,,,,,,,,,,,,
210,5,150,59,110,76,0,510,420,chapter_05_03,bgm_muspelheim_03,302012,1,1,1,302014,1,1,1,302015,1,1,1,303002,0.22,1,1,303102,0.22,1,1,306054,0.3,1,2,306045,0.03,1,1,306047,0.01,1,1,,,,,,,,,3,4,,,,,,,,,,,,,,,,,,,,,,,,
211,5,150,57,103,76,0,539,444,chapter_05_01,bgm_muspelheim_01,303102,0.22,1,1,303201,0.22,1,1,303401,0.22,1,1,306055,0.3,1,2,306045,0.03,1,1,306047,0.01,1,1,,,,,,,,,,,,,,,,,1,2,,,,,,,,,,,,,,,,,,,,,,,,
212,5,150,59,103,76,0,548,411,chapter_05_01,bgm_muspelheim_01,303002,0.22,1,1,303201,0.22,1,1,303302,0.22,1,1,306016,0.3,1,2,306045,0.03,1,1,306048,0.01,1,1,,,,,,,,,,,,,,,,,1,2,,,,,,,,,,,,,,,,,,,,,,,,
213,5,150,60,103,76,0,582,419,chapter_05_02,bgm_muspelheim_02,303002,0.22,1,1,303102,0.22,1,1,303401,0.22,1,1,306016,0.3,1,2,306045,0.03,1,1,306048,0.01,1,1,,,,,,,,,,,,,,,,,1,2,,,,,,,,,,,,,,,,,,,,,,,,
214,5,150,62,103,76,0,569,408,chapter_05_01,bgm_muspelheim_01,303102,0.22,1,1,303302,0.22,1,1,303401,0.22,1,1,306054,0.3,1,2,306045,0.03,1,1,306047,0.01,1,1,,,,,,,,,,,,,,,,,1,2,,,,,,,,,,,,,,,,,,,,,,,,
215,5,150,62,103,76,0,555,406,chapter_05_01,bgm_muspelheim_01,303201,0.22,1,1,303302,0.22,1,1,303401,0.22,1,1,306015,0.3,1,2,306045,0.03,1,1,306048,0.01,1,1,,,,,,,,,,,,,,,,,1,2,,,,,,,,,,,,,,,,,,,,,,,,
216,5,150,64,103,76,0,582,425,chapter_05_02,bgm_muspelheim_02,303102,0.218,1,1,303202,0.218,1,1,303401,0.218,1,1,306016,0.3,1,2,306045,0.036,1,1,306048,0.01,1,1,,,,,,,,,,,,,,,,,1,2,,,,,,,,,,,,,,,,,,,,,,,,
217,5,150,65,103,76,0,616,458,chapter_05_01,bgm_muspelheim_01,303102,0.218,1,1,303202,0.218,1,1,303302,0.218,1,1,306054,0.3,1,2,306045,0.036,1,1,306047,0.01,1,1,,,,,,,,,,,,,,,,,1,2,,,,,,,,,,,,,,,,,,,,,,,,
218,5,150,67,103,76,0,596,434,chapter_05_02,bgm_muspelheim_02,303002,0.218,1,1,303302,0.218,1,1,303401,0.218,1,1,306017,0.3,1,2,306045,0.036,1,1,306048,0.01,1,1,,,,,,,,,,,,,,,,,1,2,,,,,,,,,,,,,,,,,,,,,,,,
219,5,150,68,103,76,0,616,454,chapter_05_01,bgm_muspelheim_01,303002,0.218,1,1,303202,0.218,1,1,303401,0.218,1,1,306053,0.3,1,2,306045,0.036,1,1,306047,0.01,1,1,,,,,,,,,,,,,,,,,1,2,,,,,,,,,,,,,,,,,,,,,,,,
220,5,150,69,103,76,0,582,461,chapter_05_03,bgm_muspelheim_03,302016,1,1,1,302002,1,1,1,303002,0.217,1,1,303102,0.217,1,1,303202,0.217,1,1,306017,0.3,1,2,306045,0.038,1,1,306048,0.011,1,1,,,,,,,,,3,4,,,,,,,,,,,,,,,,,,,,,,,,
221,5,150,117,130,107,0,584,474,chapter_05_01,bgm_muspelheim_01,303202,0.217,1,1,303302,0.217,1,1,303401,0.217,1,1,306017,0.3,1,2,306045,0.038,1,1,306048,0.011,1,1,,,,,,,,,,,,,,,,,1,2,,,,,,,,,,,,,,,,,,,,,,,,
222,5,150,165,156,137,0,642,488,chapter_05_01,bgm_muspelheim_01,303102,0.217,1,1,303302,0.217,1,1,303401,0.217,1,1,306015,0.3,1,2,306045,0.038,1,1,306048,0.011,1,1,,,,,,,,,,,,,,,,,1,2,,,,,,,,,,,,,,,,,,,,,,,,
223,5,150,213,182,167,0,722,501,chapter_05_02,bgm_muspelheim_02,303002,0.217,1,1,303202,0.217,1,1,303302,0.217,1,1,306055,0.3,1,2,306045,0.038,1,1,306047,0.011,1,1,,,,,,,,,,,,,,,,,1,2,,,,,,,,,,,,,,,,,,,,,,,,
224,5,150,261,209,197,0,740,515,chapter_05_01,bgm_muspelheim_01,303002,0.217,1,1,303202,0.217,1,1,303302,0.217,1,1,306016,0.3,1,2,306045,0.038,1,1,306048,0.011,1,1,,,,,,,,,,,,,,,,,1,2,,,,,,,,,,,,,,,,,,,,,,,,
225,5,150,309,235,228,0,744,515,chapter_05_01,bgm_muspelheim_01,303102,0.217,1,1,303202,0.217,1,1,303402,0.217,1,1,306016,0.3,1,2,306045,0.038,1,1,306048,0.011,1,1,,,,,,,,,,,,,,,,,1,2,,,,,,,,,,,,,,,,,,,,,,,,
226,5,150,357,261,258,0,749,515,chapter_05_02,bgm_muspelheim_02,303002,0.217,1,1,303102,0.217,1,1,303302,0.217,1,1,306015,0.3,1,2,306045,0.038,1,1,306048,0.011,1,1,,,,,,,,,,,,,,,,,1,2,,,,,,,,,,,,,,,,,,,,,,,,
227,5,150,405,287,289,0,754,515,chapter_05_01,bgm_muspelheim_01,303002,0.217,1,1,303102,0.217,1,1,303402,0.217,1,1,306053,0.3,1,2,306045,0.038,1,1,306047,0.011,1,1,,,,,,,,,,,,,,,,,1,2,,,,,,,,,,,,,,,,,,,,,,,,
228,5,150,453,314,319,0,752,515,chapter_05_02,bgm_muspelheim_02,303102,0.217,1,1,303302,0.217,1,1,303402,0.217,1,1,306017,0.3,1,2,306045,0.038,1,1,306048,0.011,1,1,,,,,,,,,,,,,,,,,1,2,,,,,,,,,,,,,,,,,,,,,,,,
229,5,150,501,340,350,0,755,517,chapter_05_01,bgm_muspelheim_01,303202,0.217,1,1,303302,0.217,1,1,303402,0.217,1,1,306015,0.3,1,2,306045,0.038,1,1,306048,0.011,1,1,,,,,,,,,,,,,,,,,1,2,,,,,,,,,,,,,,,,,,,,,,,,
230,5,150,548,366,380,0,758,519,chapter_05_03,bgm_muspelheim_03,302012,1,1,1,302014,1,1,1,302015,1,1,1,302017,1,1,1,303002,0.216,1,1,303102,0.216,1,1,306045,0.04,1,1,306048,0.012,1,1,,,,,,,,,3,4,,,,,,,,,,,,,,,,,,,,,,,,
231,5,150,548,366,380,0,761,521,chapter_05_01,bgm_muspelheim_01,303202,0.216,1,1,303302,0.216,1,1,303402,0.216,1,1,306055,0.3,1,2,306045,0.04,1,1,306047,0.012,1,1,,,,,,,,,,,,,,,,,1,2,,,,,,,,,,,,,,,,,,,,,,,,
232,5,150,548,366,380,0,764,523,chapter_05_01,bgm_muspelheim_01,303002,0.216,1,1,303202,0.216,1,1,303302,0.216,1,1,306054,0.3,1,2,306045,0.04,1,1,306047,0.012,1,1,,,,,,,,,,,,,,,,,1,2,,,,,,,,,,,,,,,,,,,,,,,,
233,5,150,548,366,380,0,708,525,chapter_05_02,bgm_muspelheim_02,303102,0.216,1,1,303202,0.216,1,1,303302,0.216,1,1,306015,0.3,1,2,306045,0.04,1,1,306048,0.012,1,1,,,,,,,,,,,,,,,,,1,2,,,,,,,,,,,,,,,,,,,,,,,,
234,5,150,548,366,380,0,724,527,chapter_05_01,bgm_muspelheim_01,303202,0.216,1,1,303302,0.216,1,1,303402,0.216,1,1,306053,0.3,1,2,306045,0.04,1,1,306047,0.012,1,1,,,,,,,,,,,,,,,,,1,2,,,,,,,,,,,,,,,,,,,,,,,,
235,5,150,548,366,380,0,761,529,chapter_05_01,bgm_muspelheim_01,303202,0.216,1,1,303302,0.216,1,1,303402,0.216,1,1,306054,0.3,1,2,306045,0.04,1,1,306047,0.012,1,1,,,,,,,,,,,,,,,,,1,2,,,,,,,,,,,,,,,,,,,,,,,,
236,5,150,548,366,380,0,838,531,chapter_05_02,bgm_muspelheim_02,303002,0.216,1,1,303102,0.216,1,1,303402,0.216,1,1,306017,0.3,1,2,306045,0.04,1,1,306048,0.012,1,1,,,,,,,,,,,,,,,,,1,2,,,,,,,,,,,,,,,,,,,,,,,,
237,5,150,548,366,380,0,778,533,chapter_05_01,bgm_muspelheim_01,303102,0.216,1,1,303202,0.216,1,1,303302,0.216,1,1,306054,0.3,1,2,306045,0.04,1,1,306047,0.012,1,1,,,,,,,,,,,,,,,,,1,2,,,,,,,,,,,,,,,,,,,,,,,,
238,5,150,548,366,380,0,794,535,chapter_05_02,bgm_muspelheim_02,303203,0.216,1,1,303302,0.216,1,1,303402,0.216,1,1,306007,0.3,1,2,306045,0.04,1,1,306049,0.012,1,1,,,,,,,,,,,,,,,,,1,2,,,,,,,,,,,,,,,,,,,,,,,,
239,5,150,548,366,380,0,738,537,chapter_05_01,bgm_muspelheim_01,303002,0.216,1,1,303102,0.216,1,1,303402,0.216,1,1,306008,0.3,1,2,306045,0.04,1,1,306049,0.012,1,1,,,,,,,,,,,,,,,,,1,2,,,,,,,,,,,,,,,,,,,,,,,,
240,5,150,552,386,386,0,836,539,chapter_05_03,bgm_muspelheim_03,302016,1,1,1,302002,1,1,1,302017,1,1,1,302018,1,1,1,303002,0.215,1,1,303302,0.215,1,1,306045,0.042,1,1,306049,0.013,1,1,,,,,,,,,3,4,,,,,,,,,,,,,,,,,,,,,,,,
241,5,150,578,420,400,0,884,569,chapter_05_01,bgm_muspelheim_01,303102,0.215,1,1,303302,0.215,1,1,303402,0.215,1,1,306017,0.3,1,2,306045,0.042,1,1,306048,0.013,1,1,,,,,,,,,,,,,,,,,1,2,,,,,,,,,,,,,,,,,,,,,,,,
242,5,150,602,453,413,0,839,570,chapter_05_01,bgm_muspelheim_01,303102,0.215,1,1,303203,0.215,1,1,303402,0.215,1,1,306053,0.3,1,2,306045,0.042,1,1,306047,0.013,1,1,,,,,,,,,,,,,,,,,1,2,,,,,,,,,,,,,,,,,,,,,,,,
243,5,150,624,486,425,0,884,572,chapter_05_02,bgm_muspelheim_02,303002,0.215,1,1,303302,0.215,1,1,303402,0.215,1,1,306017,0.3,1,2,306045,0.042,1,1,306048,0.013,1,1,,,,,,,,,,,,,,,,,1,2,,,,,,,,,,,,,,,,,,,,,,,,
244,5,150,647,519,438,0,857,573,chapter_05_01,bgm_muspelheim_01,303002,0.215,1,1,303102,0.215,1,1,303402,0.215,1,1,306055,0.3,1,2,306045,0.042,1,1,306047,0.013,1,1,,,,,,,,,,,,,,,,,1,2,,,,,,,,,,,,,,,,,,,,,,,,
245,5,150,670,552,451,0,857,575,chapter_05_01,bgm_muspelheim_01,303002,0.215,1,1,303102,0.215,1,1,303203,0.215,1,1,306007,0.3,1,2,306045,0.042,1,1,306049,0.013,1,1,,,,,,,,,,,,,,,,,1,2,,,,,,,,,,,,,,,,,,,,,,,,
246,5,150,693,585,464,0,821,575,chapter_05_02,bgm_muspelheim_02,303303,1,2,2,,,,,,,,,,,,,,,,,,,,,,,,,,,,,,,,,,,,,1,2,,,,,,,,,,,,,,,,,,,,,,,,
247,5,150,716,618,476,0,848,577,chapter_05_01,bgm_muspelheim_01,303002,0.215,1,1,303102,0.215,1,1,303303,0.215,1,1,306029,0.3,1,2,306045,0.042,1,1,306046,0.013,1,1,,,,,,,,,,,,,,,,,1,2,,,,,,,,,,,,,,,,,,,,,,,,
248,5,150,739,651,489,0,884,578,chapter_05_02,bgm_muspelheim_02,303002,0.215,1,1,303102,0.215,1,1,303303,0.215,1,1,306031,0.3,1,2,306045,0.042,1,1,306046,0.013,1,1,,,,,,,,,,,,,,,,,1,2,,,,,,,,,,,,,,,,,,,,,,,,
249,5,150,762,684,502,0,857,580,chapter_05_01,bgm_muspelheim_01,303002,0.215,1,1,303203,0.215,1,1,303303,0.215,1,1,306030,0.3,1,2,306045,0.042,1,1,306046,0.013,1,1,,,,,,,,,,,,,,,,,1,2,,,,,,,,,,,,,,,,,,,,,,,,
250,5,150,785,717,515,0,920,581,chapter_05_03,bgm_muspelheim_03,302012,1,1,1,302014,1,1,1,302015,1,1,1,302017,1,1,1,302018,1,1,1,303002,0.214,1,1,306045,0.044,1,1,306046,0.014,1,1,,,,,,,,,3,4,,,,,,,,,,,,,,,,,,,,,,,,
251,5,150,309,394,260,0,911,911,chapter_06_01,bgm_jotunheim_01,303202,1,3,3,,,,,,,,,,,,,,,,,,,,,,,,,,,,,,,,,,,,,2,3,,,,,,,,,,,,,,,,,,,,,,,,
252,5,150,314,370,262,0,923,923,chapter_06_01,bgm_jotunheim_01,303003,1,3,3,,,,,,,,,,,,,,,,,,,,,,,,,,,,,,,,,,,,,1,3,,,,,,,,,,,,,,,,,,,,,,,,
253,5,150,317,370,263,0,937,937,chapter_06_02,bgm_jotunheim_02,303003,0.43,1,2,306055,0.5,3,3,306045,0.05,1,1,306046,0.02,1,1,,,,,,,,,,,,,,,,,,,,,,,,,1,3,,,,,,,,,,,,,,,,,,,,,,,,
254,5,150,319,370,263,0,950,950,chapter_06_01,bgm_jotunheim_01,303303,0.43,1,2,306030,0.5,3,3,306045,0.05,1,1,306046,0.02,1,1,,,,,,,,,,,,,,,,,,,,,,,,,1,3,,,,,,,,,,,,,,,,,,,,,,,,
255,5,150,321,370,264,0,963,963,chapter_06_01,bgm_jotunheim_01,303403,1,3,3,,,,,,,,,,,,,,,,,,,,,,,,,,,,,,,,,,,,,1,3,,,,,,,,,,,,,,,,,,,,,,,,
256,5,150,324,370,265,0,977,977,chapter_06_02,bgm_jotunheim_02,303403,0.43,1,2,306029,0.5,3,3,306045,0.06,1,2,306046,0.03,1,1,,,,,,,,,,,,,,,,,,,,,,,,,1,3,,,,,,,,,,,,,,,,,,,,,,,,
257,5,150,326,370,265,0,1007,1007,chapter_06_01,bgm_jotunheim_01,303203,0.43,1,2,306030,0.5,3,3,306045,0.06,1,2,306046,0.03,1,1,,,,,,,,,,,,,,,,,,,,,,,,,1,3,,,,,,,,,,,,,,,,,,,,,,,,
258,5,150,329,370,266,0,1002,1002,chapter_06_02,bgm_jotunheim_02,303203,0.43,1,2,306029,0.5,3,3,306045,0.06,1,2,306046,0.03,1,1,,,,,,,,,,,,,,,,,,,,,,,,,1,3,,,,,,,,,,,,,,,,,,,,,,,,
259,5,150,332,370,266,0,1010,1010,chapter_06_01,bgm_jotunheim_01,303103,1,3,3,,,,,,,,,,,,,,,,,,,,,,,,,,,,,,,,,,,,,1,3,,,,,,,,,,,,,,,,,,,,,,,,
260,5,150,333,370,266,0,1022,1022,chapter_06_03,bgm_jotunheim_03,302019,1,1,1,302020,1,1,1,302021,1,1,1,303103,0.43,1,2,306031,0.5,3,3,306045,0.06,1,2,306046,0.03,1,1,,,,,,,,,,,,,4,6,,,,,,,,,,,,,,,,,,,,,,,,
261,5,150,792,372,275,0,1036,1036,chapter_06_01,bgm_jotunheim_01,303303,1,3,3,,,,,,,,,,,,,,,,,,,,,,,,,,,,,,,,,,,,,1,3,,,,,,,,,,,,,,,,,,,,,,,,
262,5,150,802,374,278,0,1049,1049,chapter_06_01,bgm_jotunheim_01,303303,0.43,1,2,306008,0.5,3,3,306045,0.05,1,1,306049,0.02,1,1,,,,,,,,,,,,,,,,,,,,,,,,,1,3,,,,,,,,,,,,,,,,,,,,,,,,
263,5,150,837,376,281,0,1062,1062,chapter_06_02,bgm_jotunheim_02,303003,0.43,1,2,306031,0.5,3,3,306045,0.05,1,1,306049,0.02,1,1,,,,,,,,,,,,,,,,,,,,,,,,,1,3,,,,,,,,,,,,,,,,,,,,,,,,
264,5,150,849,377,284,0,1075,1075,chapter_06_01,bgm_jotunheim_01,303003,0.43,1,2,306008,0.5,3,3,306045,0.05,1,1,306049,0.02,1,1,,,,,,,,,,,,,,,,,,,,,,,,,1,3,,,,,,,,,,,,,,,,,,,,,,,,
265,5,150,795,380,287,0,1149,1149,chapter_06_01,bgm_jotunheim_01,303403,0.43,1,2,306006,0.5,3,3,306045,0.05,1,1,306049,0.02,1,1,,,,,,,,,,,,,,,,,,,,,,,,,1,3,,,,,,,,,,,,,,,,,,,,,,,,
266,5,150,805,381,290,0,1163,1163,chapter_06_02,bgm_jotunheim_02,303403,0.43,1,2,306007,0.5,3,3,306045,0.05,1,1,306049,0.02,1,1,,,,,,,,,,,,,,,,,,,,,,,,,1,3,,,,,,,,,,,,,,,,,,,,,,,,
267,5,150,815,383,293,0,1115,1115,chapter_06_01,bgm_jotunheim_01,303203,1,3,3,,,,,,,,,,,,,,,,,,,,,,,,,,,,,,,,,,,,,1,3,,,,,,,,,,,,,,,,,,,,,,,,
268,5,150,825,385,296,0,1128,1128,chapter_06_02,bgm_jotunheim_02,303203,0.43,1,2,306006,0.5,3,3,306045,0.06,1,1,306049,0.03,1,1,,,,,,,,,,,,,,,,,,,,,,,,,1,3,,,,,,,,,,,,,,,,,,,,,,,,
269,5,150,834,386,299,0,1142,1142,chapter_06_01,bgm_jotunheim_01,303103,0.43,1,2,306007,0.5,3,3,306045,0.06,1,1,306049,0.03,1,1,,,,,,,,,,,,,,,,,,,,,,,,,1,3,,,,,,,,,,,,,,,,,,,,,,,,
270,5,150,346,388,302,0,1154,1154,chapter_06_03,bgm_jotunheim_03,302016,1,1,1,302002,1,1,1,302017,1,1,1,303103,0.43,1,2,306015,0.5,3,3,306045,0.06,1,1,306049,0.03,1,1,,,,,,,,,,,,,4,6,,,,,,,,,,,,,,,,,,,,,,,,
271,5,150,443,444,344,0,1167,1167,chapter_06_01,bgm_jotunheim_01,303303,0.43,1,2,306016,0.5,3,3,306045,0.05,1,1,306048,0.02,1,1,,,,,,,,,,,,,,,,,,,,,,,,,1,3,,,,,,,,,,,,,,,,,,,,,,,,
272,5,150,539,500,383,0,1181,1181,chapter_06_01,bgm_jotunheim_01,303303,0.43,1,2,306015,0.5,3,3,306045,0.05,1,1,306048,0.02,1,1,,,,,,,,,,,,,,,,,,,,,,,,,1,3,,,,,,,,,,,,,,,,,,,,,,,,
273,5,150,636,556,424,0,1193,1193,chapter_06_02,bgm_jotunheim_02,303403,0.43,1,2,306016,0.5,3,3,306045,0.05,1,1,306048,0.02,1,1,,,,,,,,,,,,,,,,,,,,,,,,,1,3,,,,,,,,,,,,,,,,,,,,,,,,
274,5,150,732,612,464,0,1207,1207,chapter_06_01,bgm_jotunheim_01,303403,0.43,1,2,306017,0.5,3,3,306045,0.05,1,1,306048,0.02,1,1,,,,,,,,,,,,,,,,,,,,,,,,,1,3,,,,,,,,,,,,,,,,,,,,,,,,
275,5,150,829,668,503,0,1220,1220,chapter_06_01,bgm_jotunheim_01,303003,0.43,1,2,306016,0.5,3,3,306045,0.05,1,1,306048,0.02,1,1,,,,,,,,,,,,,,,,,,,,,,,,,1,3,,,,,,,,,,,,,,,,,,,,,,,,
276,5,150,926,724,544,0,1232,1232,chapter_06_02,bgm_jotunheim_02,303003,0.43,1,2,306017,0.5,3,3,306045,0.05,1,1,306048,0.03,1,1,,,,,,,,,,,,,,,,,,,,,,,,,1,3,,,,,,,,,,,,,,,,,,,,,,,,
277,5,150,1022,779,584,0,1246,1246,chapter_06_01,bgm_jotunheim_01,303203,0.43,1,2,306015,0.5,3,3,306045,0.05,1,1,306048,0.03,1,1,,,,,,,,,,,,,,,,,,,,,,,,,1,3,,,,,,,,,,,,,,,,,,,,,,,,
278,5,150,1118,836,624,0,1259,1259,chapter_06_02,bgm_jotunheim_02,303203,0.43,1,2,306054,0.5,3,3,306045,0.05,1,1,306048,0.03,1,1,,,,,,,,,,,,,,,,,,,,,,,,,1,3,,,,,,,,,,,,,,,,,,,,,,,,
279,5,150,1215,892,664,0,1272,1272,chapter_06_01,bgm_jotunheim_01,303103,0.43,1,2,306015,0.5,3,3,306045,0.05,1,1,306048,0.03,1,1,,,,,,,,,,,,,,,,,,,,,,,,,1,3,,,,,,,,,,,,,,,,,,,,,,,,
280,5,150,1311,947,704,0,1286,1286,chapter_06_03,bgm_jotunheim_03,302019,1,1,1,302020,1,1,1,302021,1,1,1,302022,1,1,1,303103,0.43,1,2,306055,0.5,3,3,306045,0.05,1,1,306048,0.03,1,1,,,,,,,,,5,7,,,,,,,,,,,,,,,,,,,,,,,,
281,5,150,1324,953,710,0,1298,1298,chapter_06_01,bgm_jotunheim_01,303303,0.43,1,2,306054,0.5,3,3,306045,0.05,1,1,306047,0.02,1,1,,,,,,,,,,,,,,,,,,,,,,,,,1,3,,,,,,,,,,,,,,,,,,,,,,,,
282,5,150,1336,960,716,0,1311,1311,chapter_06_01,bgm_jotunheim_01,303303,1,3,3,,,,,,,,,,,,,,,,,,,,,,,,,,,,,,,,,,,,,2,3,,,,,,,,,,,,,,,,,,,,,,,,
283,5,150,1348,967,722,0,1325,1325,chapter_06_02,bgm_jotunheim_02,303403,0.43,1,2,306055,0.5,3,3,306045,0.05,1,1,306047,0.02,1,1,,,,,,,,,,,,,,,,,,,,,,,,,1,3,,,,,,,,,,,,,,,,,,,,,,,,
284,5,150,1360,974,728,0,1338,1338,chapter_06_01,bgm_jotunheim_01,303403,1,3,3,,,,,,,,,,,,,,,,,,,,,,,,,,,,,,,,,,,,,2,3,,,,,,,,,,,,,,,,,,,,,,,,
285,5,150,1372,980,734,0,1352,1352,chapter_06_01,bgm_jotunheim_01,303103,0.43,1,2,306053,0.5,3,3,306045,0.05,1,1,306047,0.02,1,1,,,,,,,,,,,,,,,,,,,,,,,,,1,3,,,,,,,,,,,,,,,,,,,,,,,,
286,5,150,1385,987,740,0,1365,1365,chapter_06_02,bgm_jotunheim_02,303103,1,3,3,,,,,,,,,,,,,,,,,,,,,,,,,,,,,,,,,,,,,2,3,,,,,,,,,,,,,,,,,,,,,,,,
287,5,150,1397,994,746,0,1378,1378,chapter_06_01,bgm_jotunheim_01,303203,0.43,1,2,306055,0.5,3,3,306045,0.05,1,1,306047,0.02,1,1,,,,,,,,,,,,,,,,,,,,,,,,,1,3,,,,,,,,,,,,,,,,,,,,,,,,
288,5,150,1409,1001,752,0,1391,1391,chapter_06_02,bgm_jotunheim_02,303203,1,3,3,,,,,,,,,,,,,,,,,,,,,,,,,,,,,,,,,,,,,2,3,,,,,,,,,,,,,,,,,,,,,,,,
289,5,150,1421,1007,758,0,1404,1404,chapter_06_01,bgm_jotunheim_01,303003,0.43,1,2,306054,0.5,3,3,306045,0.05,1,1,306047,0.02,1,1,,,,,,,,,,,,,,,,,,,,,,,,,1,3,,,,,,,,,,,,,,,,,,,,,,,,
290,5,150,1433,1014,764,0,1417,1417,chapter_06_03,bgm_jotunheim_03,302016,1,1,1,302002,1,1,1,302017,1,1,1,302018,1,1,1,303003,1,3,3,,,,,,,,,,,,,,,,,,,,,6,7,,,,,,,,,,,,,,,,,,,,,,,,
291,5,150,1448,1026,768,0,1430,1430,chapter_06_01,bgm_jotunheim_01,303303,0.43,1,2,306054,0.5,3,3,306045,0.05,1,1,306046,0.03,1,1,,,,,,,,,,,,,,,,,,,,,,,,,1,3,,,,,,,,,,,,,,,,,,,,,,,,
292,5,150,1463,1037,771,0,1443,1443,chapter_06_01,bgm_jotunheim_01,303303,0.43,1,2,306053,0.5,3,3,306045,0.05,1,1,306046,0.03,1,1,,,,,,,,,,,,,,,,,,,,,,,,,1,3,,,,,,,,,,,,,,,,,,,,,,,,
293,5,150,1479,1049,774,0,1457,1457,chapter_06_02,bgm_jotunheim_02,303103,0.43,1,2,306054,0.5,3,3,306045,0.05,1,1,306049,0.03,1,1,,,,,,,,,,,,,,,,,,,,,,,,,1,3,,,,,,,,,,,,,,,,,,,,,,,,
294,5,150,1493,1061,777,0,1469,1469,chapter_06_01,bgm_jotunheim_01,303103,0.43,1,2,306053,0.5,3,3,306045,0.05,1,1,306048,0.03,1,1,,,,,,,,,,,,,,,,,,,,,,,,,1,3,,,,,,,,,,,,,,,,,,,,,,,,
295,5,150,1509,1072,780,0,1482,1482,chapter_06_01,bgm_jotunheim_01,303203,0.43,1,2,306054,0.5,3,3,306045,0.05,1,1,306047,0.03,1,1,,,,,,,,,,,,,,,,,,,,,,,,,1,3,,,,,,,,,,,,,,,,,,,,,,,,
296,5,150,1524,1083,783,0,1496,1496,chapter_06_02,bgm_jotunheim_02,303203,0.43,1,2,306055,0.5,3,3,306045,0.05,1,1,306046,0.03,1,1,,,,,,,,,,,,,,,,,,,,,,,,,1,3,,,,,,,,,,,,,,,,,,,,,,,,
297,5,150,1540,1095,786,0,1509,1509,chapter_06_01,bgm_jotunheim_01,303403,0.43,1,2,306053,0.5,3,3,306045,0.05,1,1,306049,0.03,1,1,,,,,,,,,,,,,,,,,,,,,,,,,1,3,,,,,,,,,,,,,,,,,,,,,,,,
298,5,150,1554,1106,789,0,1400,1400,chapter_06_02,bgm_jotunheim_02,303403,0.43,1,2,306054,0.5,3,3,306045,0.05,1,1,306048,0.03,1,1,,,,,,,,,,,,,,,,,,,,,,,,,1,3,,,,,,,,,,,,,,,,,,,,,,,,
299,5,150,1570,1118,792,0,1496,1496,chapter_06_01,bgm_jotunheim_01,303003,0.43,1,2,306055,0.5,3,3,306045,0.05,1,1,306047,0.03,1,1,,,,,,,,,,,,,,,,,,,,,,,,,1,3,,,,,,,,,,,,,,,,,,,,,,,,
300,5,150,1585,1129,795,0,1509,1509,chapter_06_03,bgm_jotunheim_03,302019,1,1,1,302020,1,1,1,302021,1,1,1,302022,1,1,1,302013,1,1,1,306046,0.05,1,1,306049,0.05,1,1,306048,0.05,1,1,,,,,,,,,6,8,,,,,,,,,,,,,,,,,,,,,,,,
301,5,150,800,631,71,0,1481,1325,chapter_07_01,bgm_niflheim_01,303004,1,4,4,,,,,,,,,,,,,,,,,,,,,,,,,,,,,,,,,,,,,4,4,,,,,,,,,,,,,,,,,,,,,,,,
302,5,150,815,645,75,0,1529,1335,chapter_07_01,bgm_niflheim_01,303004,0.4,1,1,306075,0.45,2,3,306070,0.1,1,1,306071,0.05,1,1,,,,,,,,,,,,,,,,,,,,,,,,,2,3,,,,,,,,,,,,,,,,,,,,,,,,
303,5,150,823,653,77,0,1578,1346,chapter_07_02,bgm_niflheim_02,303004,0.4,1,1,306075,0.45,2,3,306070,0.1,1,1,306071,0.05,1,1,,,,,,,,,,,,,,,,,,,,,,,,,2,3,,,,,,,,,,,,,,,,,,,,,,,,
304,5,150,830,660,77,0,1627,1355,chapter_07_01,bgm_niflheim_01,303004,0.4,1,1,306075,0.45,2,3,306070,0.1,1,1,306074,0.05,1,1,,,,,,,,,,,,,,,,,,,,,,,,,2,3,,,,,,,,,,,,,,,,,,,,,,,,
305,5,150,838,668,80,0,1676,1367,chapter_07_01,bgm_niflheim_01,303004,0.4,1,1,306075,0.45,2,3,306070,0.1,1,1,306074,0.05,1,1,,,,,,,,,,,,,,,,,,,,,,,,,2,3,,,,,,,,,,,,,,,,,,,,,,,,
306,5,150,845,674,81,0,1821,1377,chapter_07_02,bgm_niflheim_02,303204,1,4,4,,,,,,,,,,,,,,,,,,,,,,,,,,,,,,,,,,,,,4,4,,,,,,,,,,,,,,,,,,,,,,,,
307,5,150,852,682,83,0,1967,1403,chapter_07_01,bgm_niflheim_01,303204,0.4,1,1,306076,0.45,2,3,306070,0.1,1,1,306071,0.05,1,1,,,,,,,,,,,,,,,,,,,,,,,,,2,3,,,,,,,,,,,,,,,,,,,,,,,,
308,5,150,860,689,83,0,2113,1398,chapter_07_02,bgm_niflheim_02,303204,0.4,1,1,306076,0.45,2,3,306070,0.1,1,1,306071,0.05,1,1,,,,,,,,,,,,,,,,,,,,,,,,,2,3,,,,,,,,,,,,,,,,,,,,,,,,
309,5,150,866,697,86,0,2258,1403,chapter_07_01,bgm_niflheim_01,303204,0.4,1,1,306076,0.45,2,3,306070,0.1,1,1,306074,0.05,1,1,,,,,,,,,,,,,,,,,,,,,,,,,2,3,,,,,,,,,,,,,,,,,,,,,,,,
310,5,150,874,704,86,0,2405,1414,chapter_07_03,bgm_niflheim_03,302016,1,1,1,302002,1,1,1,302017,1,1,1,302018,1,1,1,303204,0.4,1,1,306076,0.45,2,3,306070,0.1,1,1,306074,0.05,1,1,,,,,,,,,6,7,,,,,,,,,,,,,,,,,,,,,,,,
311,5,150,875,711,82,0,2550,1376,chapter_07_01,bgm_niflheim_01,303104,1,4,4,,,,,,,,,,,,,,,,,,,,,,,,,,,,,,,,,,,,,4,4,,,,,,,,,,,,,,,,,,,,,,,,
312,5,150,877,719,82,0,2696,1386,chapter_07_01,bgm_niflheim_01,303104,0.4,1,1,306077,0.45,2,3,306070,0.1,1,1,306071,0.05,1,1,,,,,,,,,,,,,,,,,,,,,,,,,2,3,,,,,,,,,,,,,,,,,,,,,,,,
313,5,150,878,725,82,0,2842,1397,chapter_07_02,bgm_niflheim_02,303104,0.4,1,1,306077,0.45,2,3,306070,0.1,1,1,306071,0.05,1,1,,,,,,,,,,,,,,,,,,,,,,,,,2,3,,,,,,,,,,,,,,,,,,,,,,,,
314,5,150,880,733,82,0,2987,1408,chapter_07_01,bgm_niflheim_01,303104,0.4,1,1,306077,0.45,2,3,306070,0.1,1,1,306074,0.05,1,1,,,,,,,,,,,,,,,,,,,,,,,,,2,3,,,,,,,,,,,,,,,,,,,,,,,,
315,5,150,881,740,82,0,3134,1529,chapter_07_01,bgm_niflheim_01,303104,0.4,1,1,306077,0.45,2,3,306070,0.1,1,1,306074,0.05,1,1,,,,,,,,,,,,,,,,,,,,,,,,,2,3,,,,,,,,,,,,,,,,,,,,,,,,
316,5,150,883,747,82,0,3279,1541,chapter_07_02,bgm_niflheim_02,303304,1,4,4,,,,,,,,,,,,,,,,,,,,,,,,,,,,,,,,,,,,,4,4,,,,,,,,,,,,,,,,,,,,,,,,
317,5,150,884,755,82,0,3425,1502,chapter_07_01,bgm_niflheim_01,303304,0.4,1,1,306078,0.45,2,3,306070,0.1,1,1,306071,0.05,1,1,,,,,,,,,,,,,,,,,,,,,,,,,2,3,,,,,,,,,,,,,,,,,,,,,,,,
318,5,150,886,762,82,0,3571,1514,chapter_07_02,bgm_niflheim_02,303304,0.4,1,1,306078,0.45,2,3,306070,0.1,1,1,306071,0.05,1,1,,,,,,,,,,,,,,,,,,,,,,,,,2,3,,,,,,,,,,,,,,,,,,,,,,,,
319,5,150,887,770,82,0,3716,1524,chapter_07_01,bgm_niflheim_01,303304,0.4,1,1,306078,0.45,2,3,306070,0.1,1,1,306074,0.05,1,1,,,,,,,,,,,,,,,,,,,,,,,,,2,3,,,,,,,,,,,,,,,,,,,,,,,,
320,5,150,888,776,82,0,3863,1511,chapter_07_03,bgm_niflheim_03,302023,1,1,1,302024,1,1,1,302025,1,1,1,302026,1,1,1,303304,0.4,1,1,306078,0.45,2,3,306070,0.1,1,1,306074,0.05,1,1,,,,,,,,,6,7,,,,,,,,,,,,,,,,,,,,,,,,
321,5,150,970,852,218,0,4008,1544,chapter_07_01,bgm_niflheim_01,303404,1,4,4,,,,,,,,,,,,,,,,,,,,,,,,,,,,,,,,,,,,,4,4,,,,,,,,,,,,,,,,,,,,,,,,
322,5,150,1051,927,353,0,4154,1556,chapter_07_01,bgm_niflheim_01,303404,0.4,1,1,306079,0.45,2,3,306070,0.1,1,1,306071,0.05,1,1,,,,,,,,,,,,,,,,,,,,,,,,,2,3,,,,,,,,,,,,,,,,,,,,,,,,
323,5,150,1132,1003,488,0,4300,1565,chapter_07_02,bgm_niflheim_02,303404,0.4,1,1,306079,0.45,2,3,306070,0.1,1,1,306071,0.05,1,1,,,,,,,,,,,,,,,,,,,,,,,,,2,3,,,,,,,,,,,,,,,,,,,,,,,,
324,5,150,1214,1078,623,0,4445,1577,chapter_07_01,bgm_niflheim_01,303404,0.4,1,1,306079,0.45,2,3,306070,0.1,1,1,306074,0.05,1,1,,,,,,,,,,,,,,,,,,,,,,,,,2,3,,,,,,,,,,,,,,,,,,,,,,,,
325,5,150,1295,1154,758,0,4592,1611,chapter_07_01,bgm_niflheim_01,303404,0.4,1,1,306079,0.45,2,3,306070,0.1,1,1,306074,0.05,1,1,,,,,,,,,,,,,,,,,,,,,,,,,2,3,,,,,,,,,,,,,,,,,,,,,,,,
326,5,150,1376,1229,893,0,4835,1622,chapter_07_02,bgm_niflheim_02,303004,1,6,6,,,,,,,,,,,,,,,,,,,,,,,,,,,,,,,,,,,,,6,6,,,,,,,,,,,,,,,,,,,,,,,,
327,5,150,1457,1304,1028,0,5078,1632,chapter_07_01,bgm_niflheim_01,303204,1,6,6,,,,,,,,,,,,,,,,,,,,,,,,,,,,,,,,,,,,,6,6,,,,,,,,,,,,,,,,,,,,,,,,
328,5,150,1538,1379,1163,0,5321,1643,chapter_07_02,bgm_niflheim_02,303004,0.4,1,1,306080,0.45,3,4,306070,0.1,1,1,306073,0.05,1,1,,,,,,,,,,,,,,,,,,,,,,,,,3,4,,,,,,,,,,,,,,,,,,,,,,,,
329,5,150,1619,1454,1298,0,5564,1653,chapter_07_01,bgm_niflheim_01,303204,0.4,1,1,306081,0.45,3,4,306070,0.1,1,1,306072,0.05,1,1,,,,,,,,,,,,,,,,,,,,,,,,,3,4,,,,,,,,,,,,,,,,,,,,,,,,
330,5,150,1700,1529,1433,0,5807,1688,chapter_07_03,bgm_niflheim_03,302016,1,1,1,302002,1,1,1,302017,1,1,1,302018,1,1,1,303004,0.4,1,1,306080,0.45,3,4,306070,0.1,1,1,306072,0.05,1,1,,,,,,,,,7,8,,,,,,,,,,,,,,,,,,,,,,,,
331,5,150,1700,1505,1442,0,5855,1698,chapter_07_01,bgm_niflheim_01,303204,0.4,1,1,306081,0.45,3,4,306070,0.1,1,1,306073,0.05,1,1,,,,,,,,,,,,,,,,,,,,,,,,,3,4,,,,,,,,,,,,,,,,,,,,,,,,
332,5,150,1700,1505,1452,0,5903,1709,chapter_07_01,bgm_niflheim_01,303004,0.4,1,1,306080,0.45,3,4,306070,0.1,1,1,306073,0.05,1,1,,,,,,,,,,,,,,,,,,,,,,,,,3,4,,,,,,,,,,,,,,,,,,,,,,,,
333,5,150,1700,1505,1462,0,5952,1719,chapter_07_02,bgm_niflheim_02,303204,0.4,1,1,306081,0.45,3,4,306070,0.1,1,1,306072,0.05,1,1,,,,,,,,,,,,,,,,,,,,,,,,,3,4,,,,,,,,,,,,,,,,,,,,,,,,
334,5,150,1700,1505,1472,0,6001,1730,chapter_07_01,bgm_niflheim_01,303104,1,6,6,,,,,,,,,,,,,,,,,,,,,,,,,,,,,,,,,,,,,6,6,,,,,,,,,,,,,,,,,,,,,,,,
335,5,150,1700,1505,1481,0,6050,1765,chapter_07_01,bgm_niflheim_01,303304,1,6,6,,,,,,,,,,,,,,,,,,,,,,,,,,,,,,,,,,,,,6,6,,,,,,,,,,,,,,,,,,,,,,,,
336,5,150,1700,1505,1491,0,5807,1775,chapter_07_02,bgm_niflheim_02,303104,0.4,1,1,306082,0.45,3,4,306070,0.1,1,1,306073,0.05,1,1,,,,,,,,,,,,,,,,,,,,,,,,,3,4,,,,,,,,,,,,,,,,,,,,,,,,
337,5,150,1700,1505,1501,0,5564,1786,chapter_07_01,bgm_niflheim_01,303304,0.4,1,1,306083,0.45,3,4,306070,0.1,1,1,306072,0.05,1,1,,,,,,,,,,,,,,,,,,,,,,,,,3,4,,,,,,,,,,,,,,,,,,,,,,,,
338,5,150,1700,1505,1511,0,5321,1796,chapter_07_02,bgm_niflheim_02,303104,0.4,1,1,306082,0.45,3,4,306070,0.1,1,1,306072,0.05,1,1,,,,,,,,,,,,,,,,,,,,,,,,,3,4,,,,,,,,,,,,,,,,,,,,,,,,
339,5,150,1700,1505,1520,0,5078,1807,chapter_07_01,bgm_niflheim_01,303304,0.4,1,1,306083,0.45,3,4,306070,0.1,1,1,306073,0.05,1,1,,,,,,,,,,,,,,,,,,,,,,,,,3,4,,,,,,,,,,,,,,,,,,,,,,,,
340,5,150,1700,1505,1529,0,4835,1841,chapter_07_03,bgm_niflheim_03,302023,1,1,1,302024,1,1,1,302025,1,1,1,302026,1,1,1,302027,1,1,1,303104,0.4,1,1,306070,0.1,1,1,306073,0.05,1,1,,,,,,,,,5,6,,,,,,,,,,,,,,,,,,,,,,,,
341,5,150,1733,1121,1544,0,4883,1853,chapter_07_01,bgm_niflheim_01,303304,0.4,1,1,306083,0.45,3,4,306070,0.1,1,1,306072,0.05,1,1,,,,,,,,,,,,,,,,,,,,,,,,,3,4,,,,,,,,,,,,,,,,,,,,,,,,
342,5,150,1766,1223,1559,0,5174,1862,chapter_07_01,bgm_niflheim_01,303404,1,6,6,,,,,,,,,,,,,,,,,,,,,,,,,,,,,,,,,,,,,6,6,,,,,,,,,,,,,,,,,,,,,,,,
343,5,150,1799,1325,1574,0,5466,1874,chapter_07_02,bgm_niflheim_02,303404,0.4,1,1,306084,0.45,3,4,306070,0.1,1,1,306073,0.05,1,1,,,,,,,,,,,,,,,,,,,,,,,,,3,4,,,,,,,,,,,,,,,,,,,,,,,,
344,5,150,1832,1427,1589,0,5758,1884,chapter_07_01,bgm_niflheim_01,303404,0.4,1,1,306084,0.45,3,4,306070,0.1,1,1,306072,0.05,1,1,,,,,,,,,,,,,,,,,,,,,,,,,3,4,,,,,,,,,,,,,,,,,,,,,,,,
345,5,150,1865,1529,1603,0,6050,1919,chapter_07_01,bgm_niflheim_01,303404,0.4,1,1,306084,0.45,3,4,306070,0.1,1,1,306072,0.05,1,1,,,,,,,,,,,,,,,,,,,,,,,,,3,4,,,,,,,,,,,,,,,,,,,,,,,,
346,5,150,1898,1632,1617,0,6536,2113,chapter_07_02,bgm_niflheim_02,303004,0.4,2,3,306070,0.2,1,1,306071,0.1,1,1,306074,0.1,1,1,306073,0.1,1,1,306072,0.1,1,1,306072,0.1,1,1,,,,,,,,,,,,,2,3,,,,,,,,,,,,,,,,,,,,,,,,
347,5,150,1931,1734,1632,0,7022,2307,chapter_07_01,bgm_niflheim_01,303104,0.4,2,3,306070,0.2,1,1,306071,0.1,1,1,306074,0.1,1,1,306073,0.1,1,1,306072,0.1,1,1,306072,0.1,1,1,,,,,,,,,,,,,2,3,,,,,,,,,,,,,,,,,,,,,,,,
348,5,150,1964,1836,1646,0,7508,2501,chapter_07_02,bgm_niflheim_02,303204,0.4,2,3,306070,0.2,1,1,306071,0.1,1,1,306074,0.1,1,1,306073,0.1,1,1,306072,0.1,1,1,306072,0.1,1,1,,,,,,,,,,,,,2,3,,,,,,,,,,,,,,,,,,,,,,,,
349,5,150,1997,1938,1661,0,7751,2696,chapter_07_01,bgm_niflheim_01,303304,0.4,2,3,306070,0.2,1,1,306071,0.1,1,1,306074,0.1,1,1,306073,0.1,1,1,306072,0.1,1,1,306072,0.1,1,1,,,,,,,,,,,,,2,3,,,,,,,,,,,,,,,,,,,,,,,,
350,5,150,2030,2040,1676,0,7994,2891,chapter_07_03,bgm_niflheim_03,303404,0.4,2,3,306070,0.2,1,1,306071,0.1,1,1,306074,0.1,1,1,306073,0.1,1,1,306072,0.1,1,2,,,,,,,,,,,,,,,,,2,3,,,,,,,,,,,,,,,,,,,,,,,,
351,5,150,1190,363,461,0,5126,2064,chapter_08_01,bgm_hel_01,303005,1,2,2,,,,,,,,,,,,,,,,,,,,,,,,,,,,,,,,,,,,,2,2,,,,,,,,,,,,,,,,,,,,,,,,
352,5,150,1190,363,461,0,5126,2064,chapter_08_01,bgm_hel_01,303005,0.4,1,1,306090,0.45,2,3,306086,0.05,1,1,,,,,,,,,,,,,,,,,,,,,,,,,,,,,1,2,,,,,,,,,,,,,,,,,,,,,,,,
353,5,150,1190,363,461,0,5126,2064,chapter_08_02,bgm_hel_02,303005,0.4,1,1,306090,0.45,2,3,306086,0.05,1,1,,,,,,,,,,,,,,,,,,,,,,,,,,,,,1,2,,,,,,,,,,,,,,,,,,,,,,,,
354,5,150,1190,363,461,0,5126,2064,chapter_08_01,bgm_hel_01,303005,0.4,1,1,306090,0.45,2,3,306087,0.05,1,1,,,,,,,,,,,,,,,,,,,,,,,,,,,,,1,2,,,,,,,,,,,,,,,,,,,,,,,,
355,5,150,1190,363,461,0,5126,2064,chapter_08_01,bgm_hel_01,303005,0.4,1,1,306090,0.45,2,3,306087,0.05,1,1,,,,,,,,,,,,,,,,,,,,,,,,,,,,,1,2,,,,,,,,,,,,,,,,,,,,,,,,
356,5,150,1442,529,947,0,5699,2064,chapter_08_02,bgm_hel_02,303205,1,2,2,,,,,,,,,,,,,,,,,,,,,,,,,,,,,,,,,,,,,2,2,,,,,,,,,,,,,,,,,,,,,,,,
357,5,150,1695,694,1433,0,6273,2064,chapter_08_01,bgm_hel_01,303205,0.4,1,1,306092,0.45,2,3,306087,0.05,1,1,,,,,,,,,,,,,,,,,,,,,,,,,,,,,1,2,,,,,,,,,,,,,,,,,,,,,,,,
358,5,150,1948,860,1919,0,6847,2064,chapter_08_02,bgm_hel_02,303205,0.4,1,1,306092,0.45,2,3,306087,0.05,1,1,,,,,,,,,,,,,,,,,,,,,,,,,,,,,1,2,,,,,,,,,,,,,,,,,,,,,,,,
359,5,150,2201,1025,2405,0,7421,2064,chapter_08_01,bgm_hel_01,303205,0.4,1,1,306092,0.45,2,3,306086,0.05,1,1,,,,,,,,,,,,,,,,,,,,,,,,,,,,,1,2,,,,,,,,,,,,,,,,,,,,,,,,
360,5,150,2453,1190,2891,0,7994,2064,chapter_08_03,bgm_hel_03,302028,1,1,1,302029,1,1,1,302030,1,1,1,302031,1,1,1,303205,0.4,1,1,306092,0.45,2,3,306086,0.05,1,1,,,,,,,,,,,,,5,6,,,,,,,,,,,,,,,,,,,,,,,,
361,5,150,2492,1214,2915,0,8115,2147,chapter_08_01,bgm_hel_01,303105,1,2,2,,,,,,,,,,,,,,,,,,,,,,,,,,,,,,,,,,,,,2,2,,,,,,,,,,,,,,,,,,,,,,,,
362,5,150,2531,1238,2939,0,8237,2230,chapter_08_01,bgm_hel_01,303105,0.4,1,1,306091,0.45,2,3,306086,0.05,1,1,,,,,,,,,,,,,,,,,,,,,,,,,,,,,1,2,,,,,,,,,,,,,,,,,,,,,,,,
363,5,150,2570,1262,2963,0,8358,2312,chapter_08_02,bgm_hel_02,303105,0.4,1,1,306091,0.45,2,3,306086,0.05,1,1,,,,,,,,,,,,,,,,,,,,,,,,,,,,,1,2,,,,,,,,,,,,,,,,,,,,,,,,
364,5,150,2609,1286,2987,0,8480,2395,chapter_08_01,bgm_hel_01,303105,0.4,1,1,306091,0.45,2,3,306087,0.05,1,1,,,,,,,,,,,,,,,,,,,,,,,,,,,,,1,2,,,,,,,,,,,,,,,,,,,,,,,,
365,5,150,2648,1311,3012,0,8601,2477,chapter_08_01,bgm_hel_01,303105,0.4,1,1,306091,0.45,2,3,306087,0.05,1,1,,,,,,,,,,,,,,,,,,,,,,,,,,,,,1,2,,,,,,,,,,,,,,,,,,,,,,,,
366,5,150,2687,1335,3036,0,8723,2561,chapter_08_02,bgm_hel_02,303305,1,2,2,,,,,,,,,,,,,,,,,,,,,,,,,,,,,,,,,,,,,2,2,,,,,,,,,,,,,,,,,,,,,,,,
367,5,150,2726,1360,3061,0,8844,2642,chapter_08_01,bgm_hel_01,303305,0.4,1,1,306093,0.45,2,3,306087,0.05,1,1,,,,,,,,,,,,,,,,,,,,,,,,,,,,,1,2,,,,,,,,,,,,,,,,,,,,,,,,
368,5,150,2765,1384,3085,0,8966,2726,chapter_08_02,bgm_hel_02,303305,0.4,1,1,306093,0.45,2,3,306087,0.05,1,1,,,,,,,,,,,,,,,,,,,,,,,,,,,,,1,2,,,,,,,,,,,,,,,,,,,,,,,,
369,5,150,2804,1409,3110,0,9087,2808,chapter_08_01,bgm_hel_01,303305,0.4,1,1,306093,0.45,2,3,306086,0.05,1,1,,,,,,,,,,,,,,,,,,,,,,,,,,,,,1,2,,,,,,,,,,,,,,,,,,,,,,,,
370,5,150,2842,1433,3134,0,9209,2891,chapter_08_03,bgm_hel_03,302016,1,1,1,302002,1,1,1,302017,1,1,1,302018,1,1,1,303305,0.4,1,1,306093,0.45,2,3,306086,0.05,1,1,,,,,,,,,,,,,5,6,,,,,,,,,,,,,,,,,,,,,,,,
371,5,150,2885,1525,3158,0,10001,2891,chapter_08_01,bgm_hel_01,303405,1,2,2,,,,,,,,,,,,,,,,,,,,,,,,,,,,,,,,,,,,,2,2,,,,,,,,,,,,,,,,,,,,,,,,
372,5,150,2930,1617,3182,0,10793,2891,chapter_08_01,bgm_hel_01,303405,0.4,1,1,306094,0.45,2,3,306086,0.05,1,1,,,,,,,,,,,,,,,,,,,,,,,,,,,,,1,2,,,,,,,,,,,,,,,,,,,,,,,,
373,5,150,2973,1709,3206,0,11585,2891,chapter_08_02,bgm_hel_02,303405,0.4,1,1,306094,0.45,2,3,306086,0.05,1,1,,,,,,,,,,,,,,,,,,,,,,,,,,,,,1,2,,,,,,,,,,,,,,,,,,,,,,,,
374,5,150,3017,1802,3230,0,12377,2891,chapter_08_01,bgm_hel_01,303405,0.4,1,1,306094,0.45,2,3,306087,0.05,1,1,,,,,,,,,,,,,,,,,,,,,,,,,,,,,1,2,,,,,,,,,,,,,,,,,,,,,,,,
375,5,150,3061,1895,3255,0,13169,2891,chapter_08_01,bgm_hel_01,303405,0.4,1,1,306094,0.45,2,3,306087,0.05,1,1,,,,,,,,,,,,,,,,,,,,,,,,,,,,,1,2,,,,,,,,,,,,,,,,,,,,,,,,
376,5,150,3104,1987,3279,0,13961,2891,chapter_08_02,bgm_hel_02,303005,1,3,3,,,,,,,,,,,,,,,,,,,,,,,,,,,,,,,,,,,,,3,3,,,,,,,,,,,,,,,,,,,,,,,,
377,5,150,3149,2079,3304,0,14754,2891,chapter_08_01,bgm_hel_01,303205,1,3,3,,,,,,,,,,,,,,,,,,,,,,,,,,,,,,,,,,,,,3,3,,,,,,,,,,,,,,,,,,,,,,,,
378,5,150,3192,2171,3328,0,15546,2891,chapter_08_02,bgm_hel_02,303005,0.4,1,1,306095,0.45,3,4,306097,0.45,1,1,306085,0.05,1,1,,,,,,,,,,,,,,,,,,,,,,,,,1,3,,,,,,,,,,,,,,,,,,,,,,,,
379,5,150,3236,2264,3353,0,16338,2891,chapter_08_01,bgm_hel_01,303005,0.4,1,1,306095,0.45,3,4,306097,0.1,1,1,306085,0.05,1,1,,,,,,,,,,,,,,,,,,,,,,,,,1,3,,,,,,,,,,,,,,,,,,,,,,,,
380,5,150,3279,2356,3377,0,17130,2891,chapter_08_03,bgm_hel_03,302028,1,1,1,302029,1,1,1,302030,1,1,1,302031,1,1,1,302032,1,1,1,306097,0.45,3,4,306095,0.1,1,1,306088,0.05,1,1,,,,,,,,,5,7,,,,,,,,,,,,,,,,,,,,,,,,
381,5,150,3727,3269,3279,0,19181,3036,chapter_08_01,bgm_hel_01,303105,1,3,3,,,,,,,,,,,,,,,,,,,,,,,,,,,,,,,,,,,,,3,3,,,,,,,,,,,,,,,,,,,,,,,,
382,5,150,4174,4184,3668,0,21233,3425,chapter_08_01,bgm_hel_01,303305,1,3,3,,,,,,,,,,,,,,,,,,,,,,,,,,,,,,,,,,,,,3,3,,,,,,,,,,,,,,,,,,,,,,,,
383,5,150,4621,5097,4057,0,23283,3814,chapter_08_02,bgm_hel_02,303105,0.4,1,1,306096,0.45,3,4,306098,0.1,1,1,306088,0.05,1,1,,,,,,,,,,,,,,,,,,,,,,,,,1,3,,,,,,,,,,,,,,,,,,,,,,,,
384,5,150,5068,6011,4445,0,25334,4202,chapter_08_01,bgm_hel_01,303105,0.4,1,1,306096,0.45,3,4,306098,0.1,1,1,306088,0.05,1,1,,,,,,,,,,,,,,,,,,,,,,,,,1,3,,,,,,,,,,,,,,,,,,,,,,,,
385,5,150,5515,6924,4835,0,27385,4592,chapter_08_01,bgm_hel_01,303305,0.4,1,1,306098,0.45,3,4,306096,0.1,1,1,306085,0.05,1,1,,,,,,,,,,,,,,,,,,,,,,,,,1,3,,,,,,,,,,,,,,,,,,,,,,,,
386,5,150,5963,7838,5223,0,29436,4980,chapter_08_02,bgm_hel_02,303405,1,3,3,,,,,,,,,,,,,,,,,,,,,,,,,,,,,,,,,,,,,3,3,,,,,,,,,,,,,,,,,,,,,,,,
387,5,150,6410,8752,5612,0,31487,5369,chapter_08_01,bgm_hel_01,303405,0.4,1,1,306099,0.45,3,4,306085,0.05,1,1,,,,,,,,,,,,,,,,,,,,,,,,,,,,,1,3,,,,,,,,,,,,,,,,,,,,,,,,
388,5,150,6857,9665,6001,0,33538,5758,chapter_08_02,bgm_hel_02,303405,0.4,1,1,306099,0.45,3,4,306085,0.05,1,1,,,,,,,,,,,,,,,,,,,,,,,,,,,,,1,3,,,,,,,,,,,,,,,,,,,,,,,,
389,5,150,7304,10580,6389,0,35588,6146,chapter_08_01,bgm_hel_01,303405,0.4,1,1,306099,0.45,3,4,306088,0.05,1,1,,,,,,,,,,,,,,,,,,,,,,,,,,,,,1,3,,,,,,,,,,,,,,,,,,,,,,,,
390,5,150,7751,11492,6779,0,37640,6536,chapter_08_03,bgm_hel_03,302016,1,1,1,302002,1,1,1,302017,1,1,1,302018,1,1,1,303405,0.4,1,1,306099,0.45,3,4,306088,0.05,1,1,,,,,,,,,,,,,5,7,,,,,,,,,,,,,,,,,,,,,,,,
391,5,150,8154,11858,7129,0,41406,6730,chapter_08_01,bgm_hel_01,303205,0.4,1,2,306092,0.3,1,2,306097,0.3,1,2,306089,0.05,1,1,,,,,,,,,,,,,,,,,,,,,,,,,1,3,,,,,,,,,,,,,,,,,,,,,,,,
392,5,150,8558,12221,7478,0,45173,7167,chapter_08_01,bgm_hel_01,303205,0.4,1,2,306092,0.3,1,2,306097,0.3,1,2,306089,0.05,1,1,,,,,,,,,,,,,,,,,,,,,,,,,1,3,,,,,,,,,,,,,,,,,,,,,,,,
393,5,150,8960,12587,7829,0,48939,7604,chapter_08_02,bgm_hel_02,303305,0.4,1,2,306093,0.3,1,2,306098,0.3,1,2,306089,0.05,1,1,,,,,,,,,,,,,,,,,,,,,,,,,1,3,,,,,,,,,,,,,,,,,,,,,,,,
394,5,150,9365,12950,8178,0,52706,8042,chapter_08_01,bgm_hel_01,303305,0.4,1,2,306093,0.3,1,2,306098,0.3,1,2,306089,0.05,1,1,,,,,,,,,,,,,,,,,,,,,,,,,1,3,,,,,,,,,,,,,,,,,,,,,,,,
395,5,150,9767,13316,8528,0,56472,8480,chapter_08_01,bgm_hel_01,303405,0.4,1,2,306094,0.3,1,2,306099,0.3,1,2,306089,0.05,1,1,,,,,,,,,,,,,,,,,,,,,,,,,1,3,,,,,,,,,,,,,,,,,,,,,,,,
396,5,150,10171,13679,8879,0,60239,8917,chapter_08_02,bgm_hel_02,303405,0.4,1,2,306094,0.3,1,2,306099,0.3,1,2,306089,0.05,1,1,,,,,,,,,,,,,,,,,,,,,,,,,1,3,,,,,,,,,,,,,,,,,,,,,,,,
397,5,150,10574,14045,9228,0,64005,9354,chapter_08_01,bgm_hel_01,303105,0.4,1,2,306091,0.3,1,2,306096,0.3,1,2,306089,0.05,1,1,,,,,,,,,,,,,,,,,,,,,,,,,1,3,,,,,,,,,,,,,,,,,,,,,,,,
398,5,150,10978,14408,9578,0,67772,9791,chapter_08_02,bgm_hel_02,303105,0.4,1,2,306091,0.3,1,2,306096,0.3,1,2,306089,0.05,1,1,,,,,,,,,,,,,,,,,,,,,,,,,1,3,,,,,,,,,,,,,,,,,,,,,,,,
399,5,150,11381,14774,9928,0,71538,10229,chapter_08_01,bgm_hel_01,303005,0.4,1,2,306090,0.3,1,2,306095,0.3,1,2,306089,0.05,1,1,,,,,,,,,,,,,,,,,,,,,,,,,1,3,,,,,,,,,,,,,,,,,,,,,,,,
400,5,150,11784,15137,10277,0,75305,10667,chapter_08_03,bgm_hel_03,302028,1,1,1,302029,1,1,1,302030,1,1,1,302031,1,1,1,302032,1,1,1,306090,0.3,1,2,306095,0.3,1,2,306089,0.05,1,1,,,,,,,,,5,7,,,,,,,,,,,,,,,,,,,,,,,,
401,5,150,1100,725,950,0,74975,10475,chapter_09_01,bgm_vanaheim_01,303406,0.4,1,1,306109,0.55,3,3,306100,0.05,1,1,,,,,,,,,,,,,,,,,,,,,,,,,,,,,1,3,,,,,,,,,,,,,,,,,,,,,,,,
402,5,150,2000,1235,1520,0,113975,13775,chapter_09_01,bgm_vanaheim_01,303206,0.4,1,1,306107,0.55,3,3,306100,0.05,1,1,,,,,,,,,,,,,,,,,,,,,,,,,,,,,1,3,,,,,,,,,,,,,,,,,,,,,,,,
403,5,150,2450,1490,1805,0,133475,15425,chapter_09_02,bgm_vanaheim_02,303306,0.4,1,1,306108,0.55,3,3,306100,0.05,1,1,,,,,,,,,,,,,,,,,,,,,,,,,,,,,1,3,,,,,,,,,,,,,,,,,,,,,,,,
404,5,150,2900,1745,2090,0,152975,17075,chapter_09_01,bgm_vanaheim_01,303106,0.4,1,1,306106,0.55,3,3,306100,0.05,1,1,,,,,,,,,,,,,,,,,,,,,,,,,,,,,1,3,,,,,,,,,,,,,,,,,,,,,,,,
405,5,150,3350,2000,2375,0,172475,18725,chapter_09_01,bgm_vanaheim_01,303006,0.4,1,1,306105,0.55,3,3,306100,0.05,1,1,,,,,,,,,,,,,,,,,,,,,,,,,,,,,1,3,,,,,,,,,,,,,,,,,,,,,,,,
406,5,150,4175,2690,2945,0,197975,29975,chapter_09_02,bgm_vanaheim_02,303406,0.4,1,2,306109,0.55,4,4,306100,0.05,1,1,,,,,,,,,,,,,,,,,,,,,,,,,,,,,2,4,,,,,,,,,,,,,,,,,,,,,,,,
407,5,150,5000,3380,3515,0,223475,41225,chapter_09_01,bgm_vanaheim_01,303206,0.4,1,2,306107,0.55,4,4,306100,0.05,1,1,,,,,,,,,,,,,,,,,,,,,,,,,,,,,2,4,,,,,,,,,,,,,,,,,,,,,,,,
408,5,150,5825,4070,4085,0,248975,52475,chapter_09_02,bgm_vanaheim_02,303306,0.4,1,2,306108,0.55,4,4,306100,0.05,1,1,,,,,,,,,,,,,,,,,,,,,,,,,,,,,2,4,,,,,,,,,,,,,,,,,,,,,,,,
409,5,150,6650,4760,4655,0,274475,63725,chapter_09_01,bgm_vanaheim_01,303106,0.4,1,2,306106,0.55,4,4,306100,0.05,1,1,,,,,,,,,,,,,,,,,,,,,,,,,,,,,2,4,,,,,,,,,,,,,,,,,,,,,,,,
410,5,150,7475,5450,5225,0,299975,74975,chapter_09_03,bgm_vanaheim_03,303006,0.4,1,2,306105,0.55,4,4,306100,0.05,1,1,,,,,,,,,,,,,,,,,,,,,,,,,,,,,2,4,,,,,,,,,,,,,,,,,,,,,,,,
411,5,150,8375,6155,5825,0,329975,77975,chapter_09_01,bgm_vanaheim_01,303406,0.4,1,2,306109,0.55,3,3,306101,0.05,1,1,,,,,,,,,,,,,,,,,,,,,,,,,,,,,1,3,,,,,,,,,,,,,,,,,,,,,,,,
412,5,150,9275,6860,6425,0,359975,80975,chapter_09_01,bgm_vanaheim_01,303206,0.4,1,2,306107,0.55,3,3,306102,0.05,1,1,,,,,,,,,,,,,,,,,,,,,,,,,,,,,1,3,,,,,,,,,,,,,,,,,,,,,,,,
413,5,150,10175,7565,7025,0,389975,83975,chapter_09_02,bgm_vanaheim_02,303306,0.4,1,2,306108,0.55,3,3,306101,0.05,1,1,,,,,,,,,,,,,,,,,,,,,,,,,,,,,1,3,,,,,,,,,,,,,,,,,,,,,,,,
414,5,150,11075,8270,7625,0,419975,86975,chapter_09_01,bgm_vanaheim_01,303106,0.4,1,2,306106,0.55,3,3,306102,0.05,1,1,,,,,,,,,,,,,,,,,,,,,,,,,,,,,1,3,,,,,,,,,,,,,,,,,,,,,,,,
415,5,150,11975,8975,8225,0,449975,89975,chapter_09_01,bgm_vanaheim_01,303006,0.4,1,2,306105,0.55,3,3,306101,0.05,1,1,,,,,,,,,,,,,,,,,,,,,,,,,,,,,1,3,,,,,,,,,,,,,,,,,,,,,,,,
416,5,150,16775,11825,11525,0,494975,110975,chapter_09_02,bgm_vanaheim_02,303406,0.4,1,2,306109,0.55,4,4,306102,0.05,1,1,,,,,,,,,,,,,,,,,,,,,,,,,,,,,2,4,,,,,,,,,,,,,,,,,,,,,,,,
417,5,150,21575,14675,14825,0,539975,131975,chapter_09_01,bgm_vanaheim_01,303206,0.4,1,2,306107,0.55,4,4,306101,0.05,1,1,,,,,,,,,,,,,,,,,,,,,,,,,,,,,2,4,,,,,,,,,,,,,,,,,,,,,,,,
418,5,150,26375,17525,18125,0,584975,152975,chapter_09_02,bgm_vanaheim_02,303306,0.4,1,2,306108,0.55,4,4,306102,0.05,1,1,,,,,,,,,,,,,,,,,,,,,,,,,,,,,2,4,,,,,,,,,,,,,,,,,,,,,,,,
419,5,150,31175,20375,21425,0,629975,173975,chapter_09_01,bgm_vanaheim_01,303106,0.4,1,2,306106,0.55,4,4,306101,0.05,1,1,,,,,,,,,,,,,,,,,,,,,,,,,,,,,2,4,,,,,,,,,,,,,,,,,,,,,,,,
420,5,150,35975,23225,24725,0,674975,194975,chapter_09_03,bgm_vanaheim_03,303006,0.4,1,2,306105,0.55,4,4,306102,0.05,1,1,,,,,,,,,,,,,,,,,,,,,,,,,,,,,2,4,,,,,,,,,,,,,,,,,,,,,,,,
421,5,150,37400,24425,25775,0,749975,211475,chapter_09_01,bgm_vanaheim_01,303406,0.4,1,2,306109,0.55,5,5,306101,0.05,1,1,,,,,,,,,,,,,,,,,,,,,,,,,,,,,3,5,,,,,,,,,,,,,,,,,,,,,,,,
422,5,150,38825,25625,26825,0,824975,227975,chapter_09_01,bgm_vanaheim_01,303206,0.4,1,2,306107,0.55,5,5,306102,0.05,1,1,,,,,,,,,,,,,,,,,,,,,,,,,,,,,3,5,,,,,,,,,,,,,,,,,,,,,,,,
423,5,150,40250,26825,27875,0,899975,244475,chapter_09_02,bgm_vanaheim_02,303306,0.4,1,2,306108,0.55,5,5,306101,0.05,1,1,,,,,,,,,,,,,,,,,,,,,,,,,,,,,3,5,,,,,,,,,,,,,,,,,,,,,,,,
424,5,150,41675,28025,28925,0,974975,260975,chapter_09_01,bgm_vanaheim_01,303106,0.4,1,2,306106,0.55,5,5,306102,0.05,1,1,,,,,,,,,,,,,,,,,,,,,,,,,,,,,3,5,,,,,,,,,,,,,,,,,,,,,,,,
425,5,150,43100,29225,29975,0,1049975,277475,chapter_09_01,bgm_vanaheim_01,303006,0.4,1,2,306105,0.55,5,5,306101,0.05,1,1,,,,,,,,,,,,,,,,,,,,,,,,,,,,,3,5,,,,,,,,,,,,,,,,,,,,,,,,
426,5,150,46475,32375,32525,0,1222475,311975,chapter_09_02,bgm_vanaheim_02,303106,0.4,1,2,306109,0.55,5,5,306102,0.05,1,1,,,,,,,,,,,,,,,,,,,,,,,,,,,,,3,5,,,,,,,,,,,,,,,,,,,,,,,,
427,5,150,49850,35525,35075,0,1394975,346475,chapter_09_01,bgm_vanaheim_01,303206,0.4,1,2,306107,0.55,5,5,306101,0.05,1,1,,,,,,,,,,,,,,,,,,,,,,,,,,,,,3,5,,,,,,,,,,,,,,,,,,,,,,,,
428,5,150,53225,38675,37625,0,1567475,380975,chapter_09_02,bgm_vanaheim_02,303306,0.4,1,2,306108,0.55,5,5,306102,0.05,1,1,,,,,,,,,,,,,,,,,,,,,,,,,,,,,3,5,,,,,,,,,,,,,,,,,,,,,,,,
429,5,150,56600,41825,40175,0,1739975,415475,chapter_09_01,bgm_vanaheim_01,303406,0.4,1,2,306106,0.55,5,5,306101,0.05,1,1,,,,,,,,,,,,,,,,,,,,,,,,,,,,,3,5,,,,,,,,,,,,,,,,,,,,,,,,
430,5,150,59975,44975,42725,0,1912475,449975,chapter_09_03,bgm_vanaheim_03,303006,0.4,1,2,306105,0.55,5,5,306102,0.05,1,1,,,,,,,,,,,,,,,,,,,,,,,,,,,,,3,5,,,,,,,,,,,,,,,,,,,,,,,,
431,5,150,67475,47225,44975,0,1912475,487475,chapter_09_01,bgm_vanaheim_01,303006,0.4,1,2,306110,0.55,5,5,306103,0.05,1,1,,,,,,,,,,,,,,,,,,,,,,,,,,,,,3,5,,,,,,,,,,,,,,,,,,,,,,,,
432,5,150,71225,49475,47225,0,2212475,524975,chapter_09_01,bgm_vanaheim_01,303006,0.95,2,4,306103,0.05,1,1,,,,,,,,,,,,,,,,,,,,,,,,,,,,,,,,,3,4,,,,,,,,,,,,,,,,,,,,,,,,
433,5,150,74975,51725,49475,0,2512475,562475,chapter_09_02,bgm_vanaheim_02,303106,0.4,1,2,306111,0.55,5,5,306103,0.05,1,1,,,,,,,,,,,,,,,,,,,,,,,,,,,,,3,5,,,,,,,,,,,,,,,,,,,,,,,,
434,5,150,78725,53975,51725,0,2812475,599975,chapter_09_01,bgm_vanaheim_01,303106,0.95,2,4,306103,0.05,1,1,,,,,,,,,,,,,,,,,,,,,,,,,,,,,,,,,3,4,,,,,,,,,,,,,,,,,,,,,,,,
435,5,150,82475,56225,53975,0,3112475,637475,chapter_09_01,bgm_vanaheim_01,303206,0.4,1,2,306112,0.55,5,5,306103,0.05,1,1,,,,,,,,,,,,,,,,,,,,,,,,,,,,,3,5,,,,,,,,,,,,,,,,,,,,,,,,
436,5,150,89975,58475,57725,0,3412475,674975,chapter_09_02,bgm_vanaheim_02,303206,0.95,2,4,306103,0.05,1,1,,,,,,,,,,,,,,,,,,,,,,,,,,,,,,,,,3,4,,,,,,,,,,,,,,,,,,,,,,,,
437,5,150,93725,60725,61475,0,3712475,712475,chapter_09_01,bgm_vanaheim_01,303306,0.4,1,2,306113,0.55,5,5,306103,0.05,1,1,,,,,,,,,,,,,,,,,,,,,,,,,,,,,3,5,,,,,,,,,,,,,,,,,,,,,,,,
438,5,150,97475,62975,65225,0,4012475,749975,chapter_09_02,bgm_vanaheim_02,303306,0.95,2,4,306103,0.05,1,1,,,,,,,,,,,,,,,,,,,,,,,,,,,,,,,,,3,4,,,,,,,,,,,,,,,,,,,,,,,,
439,5,150,101225,65225,68975,0,4312475,787475,chapter_09_01,bgm_vanaheim_01,303406,0.4,1,2,306114,0.55,5,5,306103,0.05,1,1,,,,,,,,,,,,,,,,,,,,,,,,,,,,,3,5,,,,,,,,,,,,,,,,,,,,,,,,
440,5,150,104975,67475,72725,0,4612475,824975,chapter_09_03,bgm_vanaheim_03,303406,0.95,2,4,306103,0.05,1,1,,,,,,,,,,,,,,,,,,,,,,,,,,,,,,,,,3,4,,,,,,,,,,,,,,,,,,,,,,,,
441,5,150,112475,69725,76475,0,4912475,862475,chapter_09_01,bgm_vanaheim_01,303406,0.4,2,3,306114,0.55,5,5,306104,0.05,1,1,,,,,,,,,,,,,,,,,,,,,,,,,,,,,3,5,,,,,,,,,,,,,,,,,,,,,,,,
442,5,150,116225,71975,80225,0,5212475,899975,chapter_09_01,bgm_vanaheim_01,303406,0.4,2,3,306114,0.55,5,5,306104,0.05,1,1,,,,,,,,,,,,,,,,,,,,,,,,,,,,,3,5,,,,,,,,,,,,,,,,,,,,,,,,
443,5,150,119975,74225,83975,0,5512475,937475,chapter_09_02,bgm_vanaheim_02,303306,0.4,2,3,306113,0.55,5,5,306104,0.05,1,1,,,,,,,,,,,,,,,,,,,,,,,,,,,,,3,5,,,,,,,,,,,,,,,,,,,,,,,,
444,5,150,123725,76475,87725,0,5812475,974975,chapter_09_01,bgm_vanaheim_01,303306,0.4,2,3,306113,0.55,5,5,306104,0.05,1,1,,,,,,,,,,,,,,,,,,,,,,,,,,,,,3,5,,,,,,,,,,,,,,,,,,,,,,,,
445,5,150,127475,78725,91475,0,6112475,1012475,chapter_09_01,bgm_vanaheim_01,303206,0.4,2,3,306112,0.55,5,5,306104,0.05,1,1,,,,,,,,,,,,,,,,,,,,,,,,,,,,,3,5,,,,,,,,,,,,,,,,,,,,,,,,
446,5,150,134975,80975,95225,0,6412475,1049975,chapter_09_02,bgm_vanaheim_02,303206,0.4,2,3,306112,0.55,5,5,306104,0.05,1,1,,,,,,,,,,,,,,,,,,,,,,,,,,,,,3,5,,,,,,,,,,,,,,,,,,,,,,,,
447,5,150,138725,83225,98975,0,6712475,1087475,chapter_09_01,bgm_vanaheim_01,303106,0.4,2,3,306111,0.55,5,5,306104,0.05,1,1,,,,,,,,,,,,,,,,,,,,,,,,,,,,,3,5,,,,,,,,,,,,,,,,,,,,,,,,
448,5,150,142475,85475,102725,0,7012475,1124975,chapter_09_02,bgm_vanaheim_02,303106,0.4,2,3,306111,0.55,5,5,306104,0.05,1,1,,,,,,,,,,,,,,,,,,,,,,,,,,,,,3,5,,,,,,,,,,,,,,,,,,,,,,,,
449,5,150,146225,87725,106475,0,7312475,1162475,chapter_09_01,bgm_vanaheim_01,303006,0.4,2,3,306110,0.55,5,5,306104,0.05,1,1,,,,,,,,,,,,,,,,,,,,,,,,,,,,,3,5,,,,,,,,,,,,,,,,,,,,,,,,
450,5,150,149975,89975,110225,0,7612475,1199975,chapter_09_03,bgm_vanaheim_03,303006,0.4,2,3,306110,0.55,5,5,306104,0.05,1,1,,,,,,,,,,,,,,,,,,,,,,,,,,,,,3,5,,,,,,,,,,,,,,,,,,,,,,,,
451,10,150,24215600,4649375,1139975,0,19781225,3093725,chapter_01_01,bgm_yggdrasil_01,383002,0.49,2,3,386029,0.5,3,5,386071,0.01,1,1,,,,,,,,,,,,,,,,,,,,,,,,,,,,,3,5,,,,,,,,,,,,,,,,,,,,,,,500001,2
452,10,150,29767475,5715335,1412975,0,24637475,3824975,chapter_01_02,bgm_yggdrasil_02,383002,0.49,2,3,386030,0.5,3,5,386071,0.01,1,1,,,,,,,,,,,,,,,,,,,,,,,,,,,,,3,5,,,,,,,,,,,,,,,,,,,,,,,500001,2
453,10,150,35720975,6858407,1695575,0,29564975,4589975,chapter_01_03,bgm_yggdrasil_03,383002,0.49,2,3,386006,0.5,3,5,386074,0.01,1,1,,,,,,,,,,,,,,,,,,,,,,,,,,,,,3,5,,,,,,,,,,,,,,,,,,,,,,,500001,2
454,10,150,42865175,8230093,2034695,0,35477975,5507975,chapter_01_01,bgm_yggdrasil_01,383002,0.49,2,3,386007,0.5,3,5,386074,0.01,1,1,,,,,,,,,,,,,,,,,,,,,,,,,,,,,3,5,,,,,,,,,,,,,,,,,,,,,,,500001,2
455,10,150,45438215,8376116,2141639,0,37323575,6009575,chapter_01_01,bgm_yggdrasil_01,383102,0.49,2,3,386030,0.5,3,5,386071,0.01,1,1,,,,,,,,,,,,,,,,,,,,,,,,,,,,,3,5,,,,,,,,,,,,,,,,,,,,,,,500001,2
456,10,150,48431225,9298775,2279975,0,39562475,6187475,chapter_01_02,bgm_yggdrasil_02,383102,0.49,2,3,386031,0.5,3,5,386071,0.01,1,1,,,,,,,,,,,,,,,,,,,,,,,,,,,,,3,5,,,,,,,,,,,,,,,,,,,,,,,500001,2
457,10,150,59534975,11430695,2825975,0,49274975,7649975,chapter_01_01,bgm_yggdrasil_01,383102,0.49,2,3,386007,0.5,3,5,386074,0.01,1,1,,,,,,,,,,,,,,,,,,,,,,,,,,,,,3,5,,,,,,,,,,,,,,,,,,,,,,,500001,2
458,10,150,71441975,13716839,3391175,0,59129975,9179975,chapter_01_02,bgm_yggdrasil_02,383102,0.49,2,3,386008,0.5,3,5,386074,0.01,1,1,,,,,,,,,,,,,,,,,,,,,,,,,,,,,3,5,,,,,,,,,,,,,,,,,,,,,,,500001,2
459,10,150,85730375,16460211,4069415,0,70955975,11015975,chapter_01_01,bgm_yggdrasil_01,383202,0.49,2,3,386029,0.5,3,5,386071,0.01,1,1,,,,,,,,,,,,,,,,,,,,,,,,,,,,,3,5,,,,,,,,,,,,,,,,,,,,,,,500001,2
460,10,150,102876455,19752258,4883303,0,85147175,13219175,chapter_01_03,bgm_yggdrasil_03,383202,0.49,2,3,386030,0.5,3,5,386071,0.01,1,1,,,,,,,,,,,,,,,,,,,,,,,,,,,,,3,5,,,,,,,,,,,,,,,,,,,,,,,500001,2
461,10,150,123451751,23702706,5859968,0,102176615,15863015,chapter_01_01,bgm_yggdrasil_01,383202,0.49,2,3,386006,0.5,3,5,386074,0.01,1,1,,,,,,,,,,,,,,,,,,,,,,,,,,,,,3,5,,,,,,,,,,,,,,,,,,,,,,,500001,2
462,10,150,148142096,28443249,7031966,0,122611943,19035623,chapter_01_01,bgm_yggdrasil_01,383202,0.49,2,3,386007,0.5,3,5,386074,0.01,1,1,,,,,,,,,,,,,,,,,,,,,,,,,,,,,3,5,,,,,,,,,,,,,,,,,,,,,,,500001,2
463,10,150,177770492,34131892,8438363,0,147134336,22842752,chapter_01_02,bgm_yggdrasil_02,383302,0.49,2,3,386030,0.5,3,5,386071,0.01,1,1,,,,,,,,,,,,,,,,,,,,,,,,,,,,,3,5,,,,,,,,,,,,,,,,,,,,,,,500001,2
464,10,150,213324558,40958270,10126040,0,176561207,27411307,chapter_01_01,bgm_yggdrasil_01,383302,0.49,2,3,386031,0.5,3,5,386071,0.01,1,1,,,,,,,,,,,,,,,,,,,,,,,,,,,,,3,5,,,,,,,,,,,,,,,,,,,,,,,500001,2
465,10,150,255989465,49149923,12151253,0,211873454,32893573,chapter_01_01,bgm_yggdrasil_01,383302,0.49,2,3,386007,0.5,3,5,386074,0.01,1,1,,,,,,,,,,,,,,,,,,,,,,,,,,,,,3,5,,,,,,,,,,,,,,,,,,,,,,,500001,2
466,10,150,307187345,58979904,14581508,0,254248149,39472292,chapter_01_02,bgm_yggdrasil_02,383302,0.49,2,3,386008,0.5,3,5,386074,0.01,1,1,,,,,,,,,,,,,,,,,,,,,,,,,,,,,3,5,,,,,,,,,,,,,,,,,,,,,,,500001,2
467,10,150,368624819,70775877,17497814,0,305097784,47366756,chapter_01_01,bgm_yggdrasil_01,383402,0.49,2,3,386029,0.5,3,5,386071,0.01,1,1,,,,,,,,,,,,,,,,,,,,,,,,,,,,,3,5,,,,,,,,,,,,,,,,,,,,,,,500001,2
468,10,150,442349750,84931055,20997380,0,366117345,56840111,chapter_01_02,bgm_yggdrasil_02,383402,0.49,2,3,386031,0.5,3,5,386071,0.01,1,1,,,,,,,,,,,,,,,,,,,,,,,,,,,,,3,5,,,,,,,,,,,,,,,,,,,,,,,500001,2
469,10,150,530819705,101917271,25196861,0,439340819,68208138,chapter_01_01,bgm_yggdrasil_01,383402,0.49,2,3,386006,0.5,3,5,386074,0.01,1,1,,,,,,,,,,,,,,,,,,,,,,,,,,,,,3,5,,,,,,,,,,,,,,,,,,,,,,,500001,2
470,10,150,584483651,122300725,30236237,0,527208987,74349770,chapter_01_03,bgm_yggdrasil_03,383402,0.49,2,3,386008,0.5,3,5,386074,0.01,1,1,,,,,,,,,,,,,,,,,,,,,,,,,,,,,3,5,,,,,,,,,,,,,,,,,,,,,,,500001,2
10000001,10,150,113,74,74,0,113,74,chapter_99_01,bgm_hard1,303200,0.15,1,1,306064,0.25,1,2,306065,0.1,1,2,306058,0.4,1,1,306059,0.1,1,1,,,,,,,,,,,,,,,,,,,,,4,4,,,,,,,,,,,,,,,,,,,,,,,,
10000002,10,150,146,97,97,0,146,97,chapter_99_01,bgm_hard2,303200,0.15,1,1,306064,0.25,1,2,306065,0.1,1,2,306058,0.4,1,1,306059,0.1,1,1,,,,,,,,,,,,,,,,,,,,,4,4,,,,,,,,,,,,,,,,,,,,,,,,
10000003,10,150,158,106,106,0,158,106,chapter_99_01,bgm_hard1,303200,0.15,1,1,306064,0.25,1,2,306065,0.1,1,2,306058,0.4,1,1,306059,0.1,1,1,,,,,,,,,,,,,,,,,,,,,4,4,,,,,,,,,,,,,,,,,,,,,,,,
10000004,10,150,174,117,117,0,174,117,chapter_99_01,bgm_hard2,303200,0.15,1,1,306064,0.25,1,2,306065,0.1,1,2,306058,0.4,1,1,306059,0.1,1,1,,,,,,,,,,,,,,,,,,,,,4,4,,,,,,,,,,,,,,,,,,,,,,,,
10000005,10,150,182,123,123,0,182,123,chapter_99_01,bgm_hard1,303300,0.15,1,1,306062,0.2,1,2,306063,0.1,1,2,306058,0.3,1,1,306059,0.25,1,1,,,,,,,,,,,,,,,,,,,,,4,4,,,,,,,,,,,,,,,,,,,,,,,,
10000006,10,150,165,111,111,0,165,111,chapter_99_01,bgm_hard2,303300,0.15,1,1,306062,0.2,1,2,306063,0.1,1,2,306058,0.3,1,1,306059,0.25,1,1,,,,,,,,,,,,,,,,,,,,,4,4,,,,,,,,,,,,,,,,,,,,,,,,
10000007,10,150,152,101,101,0,152,101,chapter_99_01,bgm_hard1,303300,0.15,1,1,306062,0.2,1,2,306063,0.1,1,2,306058,0.3,1,1,306059,0.25,1,1,,,,,,,,,,,,,,,,,,,,,4,4,,,,,,,,,,,,,,,,,,,,,,,,
10000008,10,150,179,121,121,0,179,121,chapter_99_01,bgm_hard2,303300,0.15,1,1,306062,0.2,1,2,306063,0.1,1,2,306058,0.3,1,1,306059,0.25,1,1,,,,,,,,,,,,,,,,,,,,,4,4,,,,,,,,,,,,,,,,,,,,,,,,
10000009,10,150,190,128,128,0,190,128,chapter_99_01,bgm_hard1,303100,0.15,1,1,306062,0.25,1,2,306063,0.1,1,2,306060,0.4,1,1,306061,0.1,1,1,,,,,,,,,,,,,,,,,,,,,4,4,,,,,,,,,,,,,,,,,,,,,,,,
10000010,10,150,200,136,136,0,200,136,chapter_99_01,bgm_hard2,303100,0.15,1,1,306062,0.25,1,2,306063,0.1,1,2,306060,0.4,1,1,306061,0.1,1,1,,,,,,,,,,,,,,,,,,,,,4,4,,,,,,,,,,,,,,,,,,,,,,,,
10000011,10,150,211,143,143,0,211,143,chapter_99_01,bgm_hard1,303100,0.15,1,1,306060,0.25,1,2,306061,0.1,1,2,306066,0.4,1,1,306058,0.1,1,1,,,,,,,,,,,,,,,,,,,,,4,4,,,,,,,,,,,,,,,,,,,,,,,,
10000012,10,150,221,151,151,0,221,151,chapter_99_01,bgm_hard2,303100,0.15,1,1,306060,0.25,1,2,306061,0.1,1,2,306066,0.4,1,1,306058,0.1,1,1,,,,,,,,,,,,,,,,,,,,,4,4,,,,,,,,,,,,,,,,,,,,,,,,
10000013,10,150,224,153,153,0,224,153,chapter_99_01,bgm_hard1,303000,0.15,1,1,306060,0.25,1,2,306061,0.1,1,2,306068,0.2,1,1,306058,0.3,1,1,,,,,,,,,,,,,,,,,,,,,4,4,,,,,,,,,,,,,,,,,,,,,,,,
10000014,10,150,227,155,155,0,227,155,chapter_99_01,bgm_hard2,303000,0.15,1,1,306060,0.25,1,2,306061,0.1,1,2,306068,0.2,1,1,306058,0.3,1,1,,,,,,,,,,,,,,,,,,,,,4,4,,,,,,,,,,,,,,,,,,,,,,,,
10000015,10,150,230,158,158,0,230,158,chapter_99_01,bgm_hard1,303000,0.15,1,1,306060,0.25,1,2,306061,0.1,1,2,306068,0.2,1,1,306058,0.3,1,1,,,,,,,,,,,,,,,,,,,,,4,4,,,,,,,,,,,,,,,,,,,,,,,,
10000016,10,150,233,160,160,0,233,160,chapter_99_01,bgm_hard2,303000,0.15,1,1,306060,0.25,1,2,306061,0.1,1,2,306068,0.3,1,1,306069,0.2,1,1,,,,,,,,,,,,,,,,,,,,,4,4,,,,,,,,,,,,,,,,,,,,,,,,
10000017,10,150,236,162,162,0,236,162,chapter_99_01,bgm_hard1,303400,0.15,1,1,306066,0.2,1,2,306067,0.25,1,2,306068,0.2,1,1,306069,0.2,1,1,,,,,,,,,,,,,,,,,,,,,4,4,,,,,,,,,,,,,,,,,,,,,,,,
10000018,10,150,239,164,164,0,239,164,chapter_99_01,bgm_hard2,303400,0.15,1,1,306066,0.2,1,2,306067,0.25,1,2,306068,0.2,1,1,306069,0.2,1,1,,,,,,,,,,,,,,,,,,,,,4,4,,,,,,,,,,,,,,,,,,,,,,,,
10000019,10,150,242,167,167,0,242,167,chapter_99_01,bgm_hard1,303400,0.15,1,1,306066,0.2,1,2,306067,0.25,1,2,306068,0.2,1,1,306069,0.2,1,2,,,,,,,,,,,,,,,,,,,,,4,4,,,,,,,,,,,,,,,,,,,,,,,,
10000020,10,150,242,167,167,0,242,167,chapter_99_01,bgm_hard2,303400,0.15,1,1,306066,0.05,1,2,306067,0.35,1,2,306068,0.15,1,1,306069,0.3,1,2,,,,,,,,,,,,,,,,,,,,,4,4,,,,,,,,,,,,,,,,,,,,,,,,
10000021,10,150,193,149,149,0,193,149,chapter_99_01,bgm_hard1,303200,0.15,1,1,306070,0.45,1,2,306071,0.3,1,2,306074,0.1,1,1,,,,,,,,,,,,,,,,,,,,,,,,,4,4,,,,,,,,,,,,,,,,,,,,,,,,
10000022,10,150,195,152,152,0,195,152,chapter_99_01,bgm_hard2,303200,0.15,1,1,306070,0.45,1,2,306071,0.3,1,2,306074,0.1,1,1,,,,,,,,,,,,,,,,,,,,,,,,,4,4,,,,,,,,,,,,,,,,,,,,,,,,
10000023,10,150,198,156,156,0,198,156,chapter_99_01,bgm_hard1,303200,0.15,1,1,306070,0.45,1,2,306071,0.3,1,2,306074,0.1,1,2,,,,,,,,,,,,,,,,,,,,,,,,,4,4,,,,,,,,,,,,,,,,,,,,,,,,
10000024,10,150,200,160,160,0,200,160,chapter_99_01,bgm_hard2,303200,0.15,1,1,306070,0.45,1,2,306071,0.3,1,2,306074,0.1,1,2,,,,,,,,,,,,,,,,,,,,,,,,,4,4,,,,,,,,,,,,,,,,,,,,,,,,
10000025,10,150,203,164,164,0,203,164,chapter_99_01,bgm_hard1,303100,0.15,1,1,306070,0.3,1,2,306071,0.3,1,2,306074,0.15,1,1,306073,0.1,1,1,,,,,,,,,,,,,,,,,,,,,4,4,,,,,,,,,,,,,,,,,,,,,,,,
10000026,10,150,206,167,167,0,206,167,chapter_99_01,bgm_hard2,303100,0.15,1,1,306070,0.3,1,2,306071,0.3,1,2,306074,0.15,1,1,306073,0.1,1,1,,,,,,,,,,,,,,,,,,,,,4,4,,,,,,,,,,,,,,,,,,,,,,,,
10000027,10,150,209,171,171,0,209,171,chapter_99_01,bgm_hard1,303100,0.15,1,1,306070,0.3,1,2,306071,0.3,1,2,306074,0.15,1,1,306073,0.1,1,2,,,,,,,,,,,,,,,,,,,,,4,4,,,,,,,,,,,,,,,,,,,,,,,,
10000028,10,150,211,175,175,0,211,175,chapter_99_01,bgm_hard2,303100,0.15,1,1,306070,0.3,1,2,306071,0.3,1,2,306074,0.15,1,1,306073,0.1,1,2,,,,,,,,,,,,,,,,,,,,,4,4,,,,,,,,,,,,,,,,,,,,,,,,
10000029,10,150,214,179,179,0,214,179,chapter_99_01,bgm_hard1,303300,0.15,1,1,306070,0.2,1,2,306071,0.25,1,2,306073,0.3,1,1,306077,0.1,1,1,,,,,,,,,,,,,,,,,,,,,4,4,,,,,,,,,,,,,,,,,,,,,,,,
10000030,10,150,216,182,182,0,216,182,chapter_99_01,bgm_hard2,303300,0.15,1,1,306070,0.2,1,2,306071,0.25,1,2,306073,0.3,1,1,306077,0.1,1,1,,,,,,,,,,,,,,,,,,,,,4,4,,,,,,,,,,,,,,,,,,,,,,,,
10000031,10,150,219,186,186,0,219,186,chapter_99_01,bgm_hard1,303300,0.15,1,1,306070,0.2,1,2,306071,0.25,1,2,306073,0.3,1,1,306077,0.1,1,2,,,,,,,,,,,,,,,,,,,,,4,4,,,,,,,,,,,,,,,,,,,,,,,,
10000032,10,150,221,190,190,0,221,190,chapter_99_01,bgm_hard2,303300,0.15,1,1,306070,0.2,1,2,306071,0.25,1,2,306073,0.3,1,1,306077,0.1,1,2,,,,,,,,,,,,,,,,,,,,,4,4,,,,,,,,,,,,,,,,,,,,,,,,
10000033,10,150,224,194,194,0,224,194,chapter_99_01,bgm_hard1,303000,0.15,1,1,306070,0.2,1,2,306071,0.25,1,2,306074,0.3,1,1,306076,0.1,1,1,,,,,,,,,,,,,,,,,,,,,4,4,,,,,,,,,,,,,,,,,,,,,,,,
10000034,10,150,227,197,197,0,227,197,chapter_99_01,bgm_hard2,303000,0.15,1,1,306070,0.2,1,2,306071,0.25,1,2,306074,0.3,1,1,306076,0.1,1,1,,,,,,,,,,,,,,,,,,,,,4,4,,,,,,,,,,,,,,,,,,,,,,,,
10000035,10,150,230,201,201,0,230,201,chapter_99_01,bgm_hard1,303000,0.15,1,1,306070,0.2,1,2,306071,0.25,1,2,306074,0.3,1,1,306076,0.1,1,2,,,,,,,,,,,,,,,,,,,,,4,4,,,,,,,,,,,,,,,,,,,,,,,,
10000036,10,150,232,205,205,0,232,205,chapter_99_01,bgm_hard2,303000,0.15,1,1,306070,0.2,1,2,306071,0.25,1,2,306074,0.3,1,1,306076,0.1,1,2,,,,,,,,,,,,,,,,,,,,,4,4,,,,,,,,,,,,,,,,,,,,,,,,
10000037,10,150,235,209,209,0,235,209,chapter_99_01,bgm_hard1,303400,0.15,1,1,306073,0.2,1,2,306072,0.25,1,2,306077,0.3,1,1,306075,0.1,1,1,,,,,,,,,,,,,,,,,,,,,4,4,,,,,,,,,,,,,,,,,,,,,,,,
10000038,10,150,237,212,212,0,237,212,chapter_99_01,bgm_hard2,303400,0.15,1,1,306073,0.2,1,2,306072,0.25,1,2,306077,0.3,1,1,306075,0.1,1,1,,,,,,,,,,,,,,,,,,,,,4,4,,,,,,,,,,,,,,,,,,,,,,,,
10000039,10,150,240,216,216,0,240,216,chapter_99_01,bgm_hard1,303400,0.15,1,1,306073,0.2,1,2,306072,0.2,1,2,306077,0.3,1,2,306075,0.15,1,2,,,,,,,,,,,,,,,,,,,,,4,4,,,,,,,,,,,,,,,,,,,,,,,,
10000040,10,150,242,220,220,0,242,220,chapter_99_01,bgm_hard2,303400,0.15,1,1,306073,0.2,1,2,306072,0.2,1,2,306077,0.3,1,2,306075,0.15,1,2,,,,,,,,,,,,,,,,,,,,,4,4,,,,,,,,,,,,,,,,,,,,,,,,
10000041,10,150,248,222,222,0,248,222,chapter_99_01,bgm_hard1,303200,0.1,1,1,306078,0.45,1,2,306079,0.25,1,2,306080,0.1,1,1,306081,0.1,1,1,,,,,,,,,,,,,,,,,,,,,4,4,,,,,,,,,,,,,,,,,,,,,,,,
10000042,10,150,249,224,224,0,249,224,chapter_99_01,bgm_hard2,303200,0.1,1,1,306078,0.45,1,2,306079,0.25,1,2,306080,0.1,1,1,306081,0.1,1,1,,,,,,,,,,,,,,,,,,,,,4,4,,,,,,,,,,,,,,,,,,,,,,,,
10000043,10,150,251,227,227,0,251,227,chapter_99_01,bgm_hard1,303200,0.1,1,1,306078,0.4,1,2,306079,0.25,1,2,306080,0.1,1,2,306081,0.15,1,1,,,,,,,,,,,,,,,,,,,,,4,4,,,,,,,,,,,,,,,,,,,,,,,,
10000044,10,150,252,229,229,0,252,229,chapter_99_01,bgm_hard2,303200,0.1,1,1,306078,0.4,1,2,306079,0.25,1,2,306080,0.1,1,2,306081,0.15,1,1,,,,,,,,,,,,,,,,,,,,,4,4,,,,,,,,,,,,,,,,,,,,,,,,
10000045,10,150,253,230,230,0,253,230,chapter_99_01,bgm_hard1,303100,0.1,1,1,306078,0.2,1,2,306079,0.2,1,2,306080,0.3,1,2,306081,0.2,1,2,,,,,,,,,,,,,,,,,,,,,4,4,,,,,,,,,,,,,,,,,,,,,,,,
10000046,10,150,254,232,232,0,254,232,chapter_99_01,bgm_hard2,303100,0.1,1,1,306078,0.2,1,2,306079,0.2,1,2,306080,0.3,1,2,306081,0.2,1,2,,,,,,,,,,,,,,,,,,,,,4,4,,,,,,,,,,,,,,,,,,,,,,,,
10000047,10,150,254,233,233,0,254,233,chapter_99_01,bgm_hard1,303100,0.1,1,1,306078,0.35,1,2,306079,0.2,1,2,306081,0.25,1,2,306082,0.1,1,2,,,,,,,,,,,,,,,,,,,,,4,4,,,,,,,,,,,,,,,,,,,,,,,,
10000048,10,150,255,235,235,0,255,235,chapter_99_01,bgm_hard2,303100,0.1,1,1,306078,0.35,1,2,306079,0.2,1,2,306081,0.25,1,2,306082,0.1,1,2,,,,,,,,,,,,,,,,,,,,,4,4,,,,,,,,,,,,,,,,,,,,,,,,
10000049,10,150,256,236,236,0,256,236,chapter_99_01,bgm_hard1,303300,0.1,1,1,306078,0.3,1,2,306079,0.25,1,2,306082,0.15,1,1,306083,0.2,1,1,,,,,,,,,,,,,,,,,,,,,4,4,,,,,,,,,,,,,,,,,,,,,,,,
10000050,10,150,257,238,238,0,257,238,chapter_99_01,bgm_hard2,303300,0.1,1,1,306078,0.3,1,2,306079,0.25,1,2,306082,0.15,1,1,306083,0.2,1,1,,,,,,,,,,,,,,,,,,,,,4,4,,,,,,,,,,,,,,,,,,,,,,,,
10000051,10,150,257,239,239,0,257,239,chapter_99_01,bgm_hard1,303300,0.1,1,1,306078,0.3,1,2,306079,0.25,1,2,306082,0.15,1,1,306083,0.2,1,2,,,,,,,,,,,,,,,,,,,,,4,4,,,,,,,,,,,,,,,,,,,,,,,,
10000052,10,150,258,241,241,0,258,241,chapter_99_01,bgm_hard2,303300,0.1,1,1,306078,0.3,1,2,306079,0.25,1,2,306082,0.15,1,1,306083,0.2,1,2,,,,,,,,,,,,,,,,,,,,,4,4,,,,,,,,,,,,,,,,,,,,,,,,
10000053,10,150,266,256,256,0,266,256,chapter_99_01,bgm_hard1,303400,0.1,1,1,306078,0.25,1,2,306081,0.25,1,2,306084,0.3,1,1,306085,0.1,1,1,,,,,,,,,,,,,,,,,,,,,4,4,,,,,,,,,,,,,,,,,,,,,,,,
10000054,10,150,266,257,257,0,266,257,chapter_99_01,bgm_hard2,303400,0.1,1,1,306078,0.25,1,2,306081,0.25,1,2,306084,0.3,1,1,306085,0.1,1,1,,,,,,,,,,,,,,,,,,,,,4,4,,,,,,,,,,,,,,,,,,,,,,,,
10000055,10,150,267,259,259,0,267,259,chapter_99_01,bgm_hard1,303400,0.1,1,1,306078,0.25,1,2,306081,0.25,1,2,306084,0.3,1,1,306085,0.1,1,2,,,,,,,,,,,,,,,,,,,,,4,4,,,,,,,,,,,,,,,,,,,,,,,,
10000056,10,150,268,260,260,0,268,260,chapter_99_01,bgm_hard2,303400,0.1,1,1,306078,0.25,1,2,306081,0.25,1,2,306084,0.3,1,1,306085,0.1,1,2,,,,,,,,,,,,,,,,,,,,,4,4,,,,,,,,,,,,,,,,,,,,,,,,
10000057,10,150,275,275,275,0,275,275,chapter_99_01,bgm_hard1,303000,0.1,1,1,306078,0.15,1,2,306080,0.25,1,2,306084,0.3,1,1,306085,0.1,1,2,306086,0.1,1,1,,,,,,,,,,,,,,,,,4,4,,,,,,,,,,,,,,,,,,,,,,,,
10000058,10,150,276,277,277,0,276,277,chapter_99_01,bgm_hard2,303000,0.1,1,1,306078,0.15,1,2,306080,0.25,1,2,306084,0.3,1,1,306085,0.1,1,2,306086,0.1,1,1,,,,,,,,,,,,,,,,,4,4,,,,,,,,,,,,,,,,,,,,,,,,
10000059,10,150,277,278,278,0,277,278,chapter_99_01,bgm_hard1,303000,0.1,1,1,306080,0.15,1,2,306084,0.25,1,2,306085,0.35,1,2,306086,0.15,1,2,,,,,,,,,,,,,,,,,,,,,4,4,,,,,,,,,,,,,,,,,,,,,,,,
10000060,10,150,278,280,280,0,278,280,chapter_99_01,bgm_hard2,303000,0.1,1,1,306080,0.15,1,2,306084,0.25,1,2,306085,0.35,1,2,306086,0.15,1,2,,,,,,,,,,,,,,,,,,,,,4,4,,,,,,,,,,,,,,,,,,,,,,,,
999999,5,150,0,0,0,0,0,0,PVP,bgm_stage_green,,,,,,,,,,,,,,,,,,,,,,,,,,,,,,,,,,,,,,,,,4,4,,,,,,,,,,,,,,,,,,,,,,,,
471,10,150,700682018,134530800,33259863,0,579929888,90034750,chapter_01_01,bgm_yggdrasil_01,383002,0.48,2,3,386015,0.5,3,5,386073,0.01,1,1,386070,0.01,1,1,,,,,,,,,,,,,,,,,,,,,,,,,3,5,,,,,,,,,,,,,,,,,,,,,,,500001,2
472,10,150,732578769,140654970,34773934,0,606329708,94133352,chapter_01_02,bgm_yggdrasil_02,383002,0.48,2,3,386016,0.5,3,5,386073,0.01,1,1,386070,0.01,1,1,,,,,,,,,,,,,,,,,,,,,,,,,3,5,,,,,,,,,,,,,,,,,,,,,,,500001,2
473,10,150,765927538,147057928,36356929,0,633931313,98418532,chapter_01_03,bgm_yggdrasil_03,383002,0.48,2,3,386017,0.5,3,5,386073,0.01,1,1,386070,0.01,1,1,,,,,,,,,,,,,,,,,,,,,,,,,3,5,,,,,,,,,,,,,,,,,,,,,,,500001,2
474,10,150,800794424,153752363,38011986,0,662789410,102898784,chapter_01_01,bgm_yggdrasil_01,383002,0.48,2,3,386015,0.5,3,5,386073,0.01,1,1,386070,0.01,1,1,,,,,,,,,,,,,,,,,,,,,,,,,3,5,,,,,,,,,,,,,,,,,,,,,,,500001,2
475,10,150,837248535,160751546,39742385,0,692961197,107582989,chapter_01_01,bgm_yggdrasil_01,383102,0.48,2,3,386016,0.5,3,5,386073,0.01,1,1,386070,0.01,1,1,,,,,,,,,,,,,,,,,,,,,,,,,3,5,,,,,,,,,,,,,,,,,,,,,,,500001,2
476,10,150,875362126,168069349,41551556,0,724506478,112480429,chapter_01_02,bgm_yggdrasil_02,383102,0.48,2,3,386017,0.5,3,5,386073,0.01,1,1,386070,0.01,1,1,,,,,,,,,,,,,,,,,,,,,,,,,3,5,,,,,,,,,,,,,,,,,,,,,,,500001,2
477,10,150,915210740,175720276,43443086,0,757487776,117600813,chapter_01_01,bgm_yggdrasil_01,383102,0.48,2,3,386015,0.5,3,5,386073,0.01,1,1,386070,0.01,1,1,,,,,,,,,,,,,,,,,,,,,,,,,3,5,,,,,,,,,,,,,,,,,,,,,,,500001,2
478,10,150,956873361,183719491,45420722,0,791970463,122954289,chapter_01_02,bgm_yggdrasil_02,383102,0.48,2,3,386016,0.5,3,5,386073,0.01,1,1,386070,0.01,1,1,,,,,,,,,,,,,,,,,,,,,,,,,3,5,,,,,,,,,,,,,,,,,,,,,,,500001,2
479,10,150,1000432565,192082850,47488385,0,828022886,128551469,chapter_01_01,bgm_yggdrasil_01,383202,0.48,2,3,386017,0.5,3,5,386073,0.01,1,1,386070,0.01,1,1,,,,,,,,,,,,,,,,,,,,,,,,,3,5,,,,,,,,,,,,,,,,,,,,,,,500001,2
480,10,150,1045974690,200826930,49650173,0,865716503,134403446,chapter_01_03,bgm_yggdrasil_03,383202,0.48,2,3,386015,0.5,3,5,386073,0.01,1,1,386070,0.01,1,1,,,,,,,,,,,,,,,,,,,,,,,,,3,5,,,,,,,,,,,,,,,,,,,,,,,500001,2
481,10,150,1093590004,209969062,51910370,0,905126026,140521818,chapter_01_01,bgm_yggdrasil_01,383202,0.48,2,3,386053,0.5,3,5,386072,0.01,1,1,386070,0.01,1,1,,,,,,,,,,,,,,,,,,,,,,,,,3,5,,,,,,,,,,,,,,,,,,,,,,,500001,2
482,10,150,1143372882,219527366,54273458,0,946329566,146918714,chapter_01_01,bgm_yggdrasil_01,383202,0.48,2,3,386054,0.5,3,5,386072,0.01,1,1,386070,0.01,1,1,,,,,,,,,,,,,,,,,,,,,,,,,3,5,,,,,,,,,,,,,,,,,,,,,,,500001,2
483,10,150,1195421998,229520786,56744119,0,989408790,153606813,chapter_01_02,bgm_yggdrasil_02,383302,0.48,2,3,386055,0.5,3,5,386072,0.01,1,1,386070,0.01,1,1,,,,,,,,,,,,,,,,,,,,,,,,,3,5,,,,,,,,,,,,,,,,,,,,,,,500001,2
484,10,150,1249840517,239969132,59327250,0,1034449086,160599370,chapter_01_01,bgm_yggdrasil_01,383302,0.48,2,3,386053,0.5,3,5,386072,0.01,1,1,386070,0.01,1,1,,,,,,,,,,,,,,,,,,,,,,,,,3,5,,,,,,,,,,,,,,,,,,,,,,,500001,2
485,10,150,1306736298,250893112,62027972,0,1081539726,167910245,chapter_01_01,bgm_yggdrasil_01,383302,0.48,2,3,386054,0.5,3,5,386072,0.01,1,1,386070,0.01,1,1,,,,,,,,,,,,,,,,,,,,,,,,,3,5,,,,,,,,,,,,,,,,,,,,,,,500001,2
486,10,150,1366222114,262314377,64851638,0,1130774046,175553929,chapter_01_02,bgm_yggdrasil_02,383302,0.48,2,3,386055,0.5,3,5,386072,0.01,1,1,386070,0.01,1,1,,,,,,,,,,,,,,,,,,,,,,,,,3,5,,,,,,,,,,,,,,,,,,,,,,,500001,2
487,10,150,1428415869,274255568,67803843,0,1182249633,183545572,chapter_01_01,bgm_yggdrasil_01,383402,0.48,2,3,386053,0.5,3,5,386072,0.01,1,1,386070,0.01,1,1,,,,,,,,,,,,,,,,,,,,,,,,,3,5,,,,,,,,,,,,,,,,,,,,,,,500001,2
488,10,150,1493440835,286740349,70890440,0,1236068513,191901014,chapter_01_02,bgm_yggdrasil_02,383402,0.48,2,3,386054,0.5,3,5,386072,0.01,1,1,386070,0.01,1,1,,,,,,,,,,,,,,,,,,,,,,,,,3,5,,,,,,,,,,,,,,,,,,,,,,,500001,2
489,10,150,1561425896,299793468,74117546,0,1292337359,200636816,chapter_01_01,bgm_yggdrasil_01,383402,0.48,2,3,386055,0.5,3,5,386072,0.01,1,1,386070,0.01,1,1,,,,,,,,,,,,,,,,,,,,,,,,,3,5,,,,,,,,,,,,,,,,,,,,,,,500001,2
490,10,150,1610612710,335333890,77491559,0,1351167701,209770293,chapter_01_03,bgm_yggdrasil_03,383402,0.48,2,3,386053,0.5,3,5,386072,0.01,1,1,386070,0.01,1,1,,,,,,,,,,,,,,,,,,,,,,,,,3,5,,,,,,,,,,,,,,,,,,,,,,,500001,2
491,10,150,1610612710,423918115,81019164,0,1412676143,219319548,chapter_01_01,bgm_yggdrasil_01,383002,0.48,2,3,386029,0.5,3,5,386070,0.01,1,1,386071,0.01,1,1,,,,,,,,,,,,,,,,,,,,,,,,,3,5,,,,,,,,,,,,,,,,,,,,,,,500001,2
492,10,150,1610612710,516534909,84707354,0,1476984599,229303508,chapter_01_02,bgm_yggdrasil_02,383002,0.48,2,3,386030,0.5,3,5,386070,0.01,1,1,386071,0.01,1,1,,,,,,,,,,,,,,,,,,,,,,,,,3,5,,,,,,,,,,,,,,,,,,,,,,,500001,2
493,10,150,1610612710,613367846,88563440,0,1544220531,239741963,chapter_01_03,bgm_yggdrasil_03,383102,0.48,2,3,386006,0.5,3,5,386070,0.01,1,1,386074,0.01,1,1,,,,,,,,,,,,,,,,,,,,,,,,,3,5,,,,,,,,,,,,,,,,,,,,,,,500001,2
494,10,150,1610612710,714608852,92595065,0,1610612710,254560099,chapter_01_01,bgm_yggdrasil_01,383102,0.48,2,3,386007,0.5,3,5,386070,0.01,1,1,386074,0.01,1,1,,,,,,,,,,,,,,,,,,,,,,,,,3,5,,,,,,,,,,,,,,,,,,,,,,,500001,2
495,10,150,1610612710,820458596,96810218,0,1610612710,339467304,chapter_01_01,bgm_yggdrasil_01,383402,0.48,2,3,386015,0.5,3,5,386070,0.01,1,1,386073,0.01,1,1,,,,,,,,,,,,,,,,,,,,,,,,,3,5,,,,,,,,,,,,,,,,,,,,,,,500001,2
496,10,150,1610612710,931126879,101217257,0,1610612710,428239693,chapter_01_02,bgm_yggdrasil_02,383402,0.48,2,3,386016,0.5,3,5,386070,0.01,1,1,386073,0.01,1,1,,,,,,,,,,,,,,,,,,,,,,,,,3,5,,,,,,,,,,,,,,,,,,,,,,,500001,2
497,10,150,1610612710,1046833050,105824913,0,1610612710,521053217,chapter_01_01,bgm_yggdrasil_01,383302,0.48,2,3,386053,0.5,3,5,386070,0.01,1,1,386072,0.01,1,1,,,,,,,,,,,,,,,,,,,,,,,,,3,5,,,,,,,,,,,,,,,,,,,,,,,500001,2
498,10,150,1610612710,1167806447,110642322,0,1610612710,618091837,chapter_01_02,bgm_yggdrasil_02,383302,0.48,2,3,386054,0.5,3,5,386070,0.01,1,1,386072,0.01,1,1,,,,,,,,,,,,,,,,,,,,,,,,,3,5,,,,,,,,,,,,,,,,,,,,,,,500001,2
499,10,150,1610612710,1294286848,115679030,0,1610612710,719547891,chapter_01_01,bgm_yggdrasil_01,383002,0.33,2,3,383102,0.33,2,3,383202,0.32,2,3,386070,0.02,1,1,,,,,,,,,,,,,,,,,,,,,,,,,3,5,,,,,,,,,,,,,,,,,,,,,,,500001,2
500,10,150,1610612710,1426524944,120945023,0,1610612710,825622472,chapter_01_03,bgm_yggdrasil_03,383402,0.33,2,3,383302,0.33,2,3,383202,0.32,2,3,386070,0.02,1,1,,,,,,,,,,,,,,,,,,,,,,,,,3,5,,,,,,,,,,,,,,,,,,,,,,,500001,2
